id,sinif,mezmun_xetti,standart_kodu,standart_metni,alt_standart_kodu,alt_standart_metni,yaradilma_tarixi,pisa_seviyyesi,pirls_kateqoriya,bloom_seviyyesi,kod
82,3,Dil qaydaları,4.3,Punktuasiya: Yazıda punktuasiya qaydalarına əməl edir.,3-4.3.1,Dialoqda müvafiq durğu işarələrindən istifadə edir.,2026-03-17 19:59:43.623487,2,birbaşa anlama,tətbiq etmək,Az_dili_III_4.3.1
83,3,Dil qaydaları,4.3,Punktuasiya: Yazıda punktuasiya qaydalarına əməl edir.,3-4.3.2,Mürəkkəb cümlədə durğu işarələrindən istifadə edir.,2026-03-17 19:59:43.623487,2,birbaşa anlama,tətbiq etmək,Az_dili_III_4.3.2
1,1,Dil qaydaları,4.1,Orfoqrafiya: Dilin sadə fonetik qanunauyğunluqlarını izah edir və nitqində onlardan istifadə edir.,1-4.1.1,Söz tərkibindəki səs və hecaları müəyyən edir.,2026-03-17 19:59:43.623487,1b,məlumat alma,xatırlamaq,Az_dili_I_4.1.1
2,1,Dil qaydaları,4.1,Orfoqrafiya: Dilin sadə fonetik qanunauyğunluqlarını izah edir və nitqində onlardan istifadə edir.,1-4.1.2,Hərflərin əlifba sırasını müəyyən edir.,2026-03-17 19:59:43.623487,1b,məlumat alma,xatırlamaq,Az_dili_I_4.1.2
3,1,Dil qaydaları,4.1,Orfoqrafiya: Dilin sadə fonetik qanunauyğunluqlarını izah edir və nitqində onlardan istifadə edir.,1-4.1.3,Yazıda sadə orfoqrafiya normalarına riayət edir.,2026-03-17 19:59:43.623487,1b,birbaşa anlama,tətbiq etmək,Az_dili_I_4.1.3
4,1,Dil qaydaları,4.2,"Qrammatika: Nitq vahidlərini (söz, cümlə) ümumi semantik mənalarına görə fərqləndirir.",1-4.2.1,"Ad, əlamət, say, hərəkət bildirən sözlərin ümumi qrammatik mənalarını müəyyən edir.",2026-03-17 19:59:43.623487,1b,məlumat alma,xatırlamaq,Az_dili_I_4.2.1
5,1,Dil qaydaları,4.2,"Qrammatika: Nitq vahidlərini (söz, cümlə) ümumi semantik mənalarına görə fərqləndirir.",1-4.2.2,"Mətndə cümlələri müəyyən edir, məqsəd və intonasiyaya görə fərqləndirir.",2026-03-17 19:59:43.623487,1a,məlumat alma,anlamaq,Az_dili_I_4.2.2
6,1,Dil qaydaları,4.3,Punktuasiya: Yazıda sadə punktuasiya qaydalarına əməl edir.,1-4.3.1,Cümlə sonunda müvafiq durğu işarələrindən istifadə edir.,2026-03-17 19:59:43.623487,1b,birbaşa anlama,tətbiq etmək,Az_dili_I_4.3.1
7,1,Dil qaydaları,4.4,Leksika: Sözlərin mənalarını anladığını nümayiş etdirir.,1-4.4.1,Sözün mənasını sadə üsullarla izah edir.,2026-03-17 19:59:43.623487,1b,məlumat alma,anlamaq,Az_dili_I_4.4.1
8,1,Dinləmə və danışma,1.1,"Dinləyib-anlama: Dinlədiyi məlumatı anlayır, izah edir və münasibət bildirir.",1-1.1.1,Dinlədiyi mətnlə bağlı sadə faktoloji suallara cavab verir.,2026-03-17 19:59:43.623487,1b,məlumat alma,xatırlamaq,Az_dili_I_1.1.1
9,1,Dinləmə və danışma,1.1,"Dinləyib-anlama: Dinlədiyi məlumatı anlayır, izah edir və münasibət bildirir.",1-1.1.2,Dinlədiyi mətndəki fakt və hadisələri şərh edir.,2026-03-17 19:59:43.623487,1b,şərh etmə,anlamaq,Az_dili_I_1.1.2
10,1,Dinləmə və danışma,1.1,"Dinləyib-anlama: Dinlədiyi məlumatı anlayır, izah edir və münasibət bildirir.",1-1.1.3,Dinlədiyi mətndəki obrazlara münasibət bildirir.,2026-03-17 19:59:43.623487,1a,qiymətləndirmə,anlamaq,Az_dili_I_1.1.3
11,1,Dinləmə və danışma,1.2,Dialoji nitq: Müzakirə və dialoqlarda dinlədiyi fikirlərə adekvat reaksiya verir.,1-1.2.1,Müzakirə olunan məsələ ilə bağlı öz fikirlərini ifadə edir.,2026-03-17 19:59:43.623487,1b,şərh etmə,anlamaq,Az_dili_I_1.2.1
12,1,Dinləmə və danışma,1.2,Dialoji nitq: Müzakirə və dialoqlarda dinlədiyi fikirlərə adekvat reaksiya verir.,1-1.2.2,Hər hansı mövzuda dialoq qurur.,2026-03-17 19:59:43.623487,1a,şərh etmə,tətbiq etmək,Az_dili_I_1.2.2
13,1,Dinləmə və danışma,1.3,Rabitəli nitq: Hər hansı mövzuda danışarkən rabitəli nitq nümayiş etdirir.,1-1.3.1,Oxuduqlarını və dinlədiklərini rabitəli şəkildə təqdim edir.,2026-03-17 19:59:43.623487,1b,birbaşa anlama,anlamaq,Az_dili_I_1.3.1
14,1,Dinləmə və danışma,1.3,Rabitəli nitq: Hər hansı mövzuda danışarkən rabitəli nitq nümayiş etdirir.,1-1.3.2,Sadə sxemlər və komikslər üzrə danışır.,2026-03-17 19:59:43.623487,1b,məlumat alma,anlamaq,Az_dili_I_1.3.2
15,1,Dinləmə və danışma,1.3,Rabitəli nitq: Hər hansı mövzuda danışarkən rabitəli nitq nümayiş etdirir.,1-1.3.3,"Hər hansı hadisə, varlıq haqqında fikirlərini rabitəli cümlələrlə ifadə edir.",2026-03-17 19:59:43.623487,1a,şərh etmə,tətbiq etmək,Az_dili_I_1.3.3
16,1,Dinləmə və danışma,1.3,Rabitəli nitq: Hər hansı mövzuda danışarkən rabitəli nitq nümayiş etdirir.,1-1.3.4,Araşdırma nəticəsində əldə etdiyi məlumatları rabitəli şəkildə təqdim edir.,2026-03-17 19:59:43.623487,1a,inteqrasiya,tətbiq etmək,Az_dili_I_1.3.4
17,1,Dinləmə və danışma,1.3,Rabitəli nitq: Hər hansı mövzuda danışarkən rabitəli nitq nümayiş etdirir.,1-1.3.5,Dinlədiyi mətnin məzmunundan çıxış edərək onun davamını təxmin edir.,2026-03-17 19:59:43.623487,1a,şərh etmə,anlamaq,Az_dili_I_1.3.5
18,1,Dinləmə və danışma,1.4,Ədəbi dilin normaları və ekspressiv nitq: Danışarkən ədəbi dilin normalarına əməl edir və ekspressiv nitq nümayiş etdirir.,1-1.4.1,Cümlə qurarkən düzgün söz sırasına əməl edir.,2026-03-17 19:59:43.623487,1b,birbaşa anlama,tətbiq etmək,Az_dili_I_1.4.1
19,1,Dinləmə və danışma,1.4,Ədəbi dilin normaları və ekspressiv nitq: Danışarkən ədəbi dilin normalarına əməl edir və ekspressiv nitq nümayiş etdirir.,1-1.4.2,Danışarkən məzmuna uyğun intonasiyadan istifadə edir.,2026-03-17 19:59:43.623487,1b,birbaşa anlama,tətbiq etmək,Az_dili_I_1.4.2
20,1,Oxu,2.1,"Səlis və ifadəli oxu: Kiçik həcmli mətnləri sürətli, aydın, səlis oxuyur.",1-2.1.1,İlkin oxu bacarığı nümayiş etdirir.,2026-03-17 19:59:43.623487,1b,birbaşa anlama,xatırlamaq,Az_dili_I_2.1.1
21,1,Oxu,2.1,"Səlis və ifadəli oxu: Kiçik həcmli mətnləri sürətli, aydın, səlis oxuyur.",1-2.1.2,Cümlə sonunda durğu işarələrini nəzərə almaqla oxuyur.,2026-03-17 19:59:43.623487,1b,birbaşa anlama,tətbiq etmək,Az_dili_I_2.1.2
22,1,Oxu,2.2,Faktoloji qavrama: Mətndə açıq şəkildə ifadə olunmuş informasiyanı mənimsədiyini nümayiş etdirir.,1-2.2.1,"Oxuduğu mətndəki hadisələri, obrazları, zaman və məkanı müəyyənləşdirir.",2026-03-17 19:59:43.623487,1b,məlumat alma,xatırlamaq,Az_dili_I_2.2.1
23,1,Oxu,2.2,Faktoloji qavrama: Mətndə açıq şəkildə ifadə olunmuş informasiyanı mənimsədiyini nümayiş etdirir.,1-2.2.2,Verbal informasiyanı qrafik təsvirlə uyğunlaşdırır.,2026-03-17 19:59:43.623487,1a,inteqrasiya,anlamaq,Az_dili_I_2.2.2
24,1,Oxu,2.2,Faktoloji qavrama: Mətndə açıq şəkildə ifadə olunmuş informasiyanı mənimsədiyini nümayiş etdirir.,1-2.2.3,Mətndə rast gəldiyi söz və ifadələrin mənasını anladığını nümayiş etdirir.,2026-03-17 19:59:43.623487,1b,məlumat alma,anlamaq,Az_dili_I_2.2.3
25,1,Oxu,2.3,Şərhetmə və əlaqələndirmə: Mətndə açıq şəkildə ifadə olunmayan informasiya haqqında fikir yürüdür.,1-2.3.1,Mətndəki hadisələr arasındakı səbəb-nəticə əlaqəsini müəyyən edir.,2026-03-17 19:59:43.623487,1a,şərh etmə,anlamaq,Az_dili_I_2.3.1
26,1,Oxu,2.3,Şərhetmə və əlaqələndirmə: Mətndə açıq şəkildə ifadə olunmayan informasiya haqqında fikir yürüdür.,1-2.3.2,Obrazların xarakterindəki əsas xüsusiyyəti müəyyən edir.,2026-03-17 19:59:43.623487,1a,şərh etmə,anlamaq,Az_dili_I_2.3.2
27,1,Oxu,2.3,Şərhetmə və əlaqələndirmə: Mətndə açıq şəkildə ifadə olunmayan informasiya haqqında fikir yürüdür.,1-2.3.3,Mətndə əsas fikri müəyyən edir.,2026-03-17 19:59:43.623487,2,şərh etmə,anlamaq,Az_dili_I_2.3.3
28,1,Oxu,2.4,Tənqidi təfəkkür və yaradıcı yanaşma: Mətndəki fakt və hadisələrə bağlı şəxsi münasibətini ifadə edir.,1-2.4.1,Mətndəki obrazlara və onların davranışına münasibətini bildirir.,2026-03-17 19:59:43.623487,1a,qiymətləndirmə,anlamaq,Az_dili_I_2.4.1
29,1,Oxu,2.4,Tənqidi təfəkkür və yaradıcı yanaşma: Mətndəki fakt və hadisələrə bağlı şəxsi münasibətini ifadə edir.,1-2.4.2,Təxəyyülündən çıxış edərək mətnin məzmununa yaradıcı yanaşır.,2026-03-17 19:59:43.623487,2,qiymətləndirmə,yaratmaq,Az_dili_I_2.4.2
59,2,Oxu,2.1,"Səlis və ifadəli oxu: Kiçik həcmli mətnləri sürətli, aydın, səlis oxuyur.",2-2.1.2,Cümlədə durğu işarələrini nəzərə almaqla oxuyur.,2026-03-17 19:59:43.623487,1b,birbaşa anlama,tətbiq etmək,Az_dili_II_2.1.2
30,1,Oxu,2.4,Tənqidi təfəkkür və yaradıcı yanaşma: Mətndəki fakt və hadisələrə bağlı şəxsi münasibətini ifadə edir.,1-2.4.3,Nəzm və nəsrlə yazılmış mətnlərin məzmun-struktur xüsusiyyətlərini müəyyən edir.,2026-03-17 19:59:43.623487,2,şərh etmə,anlamaq,Az_dili_I_2.4.3
31,1,Yazı,3.1,Yazı normaları: Yazısında ədəbi dilin normalarına və mətnin struktur tələblərinə riayət edir.,1-3.1.1,Yazısında hüsnxət normalarına riayət edir.,2026-03-17 19:59:43.623487,1b,birbaşa anlama,tətbiq etmək,Az_dili_I_3.1.1
32,1,Yazı,3.1,Yazı normaları: Yazısında ədəbi dilin normalarına və mətnin struktur tələblərinə riayət edir.,1-3.1.2,Yazısında hadisələrin ardıcıllığına riayət edir.,2026-03-17 19:59:43.623487,1b,birbaşa anlama,tətbiq etmək,Az_dili_I_3.1.2
33,1,Yazı,3.1,Yazı normaları: Yazısında ədəbi dilin normalarına və mətnin struktur tələblərinə riayət edir.,1-3.1.3,Öyrəndiyi sadə orfoqrafiya və punktuasiya qaydalarına yazısında riayət edir.,2026-03-17 19:59:43.623487,1b,birbaşa anlama,tətbiq etmək,Az_dili_I_3.1.3
34,1,Yazı,3.2,Yazı məqsədləri və tipləri: Məqsədə uyğun olaraq kiçikhəcmli sadə mətnlər yazır.,1-3.2.1,Bildiyi məlumatları yazıda əks etdirir.,2026-03-17 19:59:43.623487,1b,birbaşa anlama,tətbiq etmək,Az_dili_I_3.2.1
35,1,Yazı,3.2,Yazı məqsədləri və tipləri: Məqsədə uyğun olaraq kiçikhəcmli sadə mətnlər yazır.,1-3.2.2,Verilmiş plan əsasında mövzu ilə bağlı fikirlərini yazır.,2026-03-17 19:59:43.623487,1a,şərh etmə,tətbiq etmək,Az_dili_I_3.2.2
36,1,Yazı,3.2,Yazı məqsədləri və tipləri: Məqsədə uyğun olaraq kiçikhəcmli sadə mətnlər yazır.,1-3.2.3,"Sadə əməli yazılar (anket, açıqca) yazır.",2026-03-17 19:59:43.623487,1a,birbaşa anlama,tətbiq etmək,Az_dili_I_3.2.3
37,1,Yazı,3.2,Yazı məqsədləri və tipləri: Məqsədə uyğun olaraq kiçikhəcmli sadə mətnlər yazır.,1-3.2.4,Təqdimat üçün müxtəlif vizual forma və üsullar seçir.,2026-03-17 19:59:43.623487,1a,inteqrasiya,tətbiq etmək,Az_dili_I_3.2.4
38,2,Dil qaydaları,4.1,Orfoqrafiya: Dilin sadə fonetik qanunauyğunluqlarını izah edir və nitqində onlardan istifadə edir.,2-4.1.1,Saitlərin növlərini müəyyən edir.,2026-03-17 19:59:43.623487,1b,məlumat alma,xatırlamaq,Az_dili_II_4.1.1
39,2,Dil qaydaları,4.1,Orfoqrafiya: Dilin sadə fonetik qanunauyğunluqlarını izah edir və nitqində onlardan istifadə edir.,2-4.1.2,Sözlərin əlifba sırasına uyğun ardıcıllığını müəyyən edir.,2026-03-17 19:59:43.623487,1b,məlumat alma,xatırlamaq,Az_dili_II_4.1.2
40,2,Dil qaydaları,4.1,Orfoqrafiya: Dilin sadə fonetik qanunauyğunluqlarını izah edir və nitqində onlardan istifadə edir.,2-4.1.3,Yazıda sadə orfoqrafik normalarına riayət edir.,2026-03-17 19:59:43.623487,1b,birbaşa anlama,tətbiq etmək,Az_dili_II_4.1.3
41,2,Dil qaydaları,4.2,"Qrammatika: Nitq vahidlərini (söz, cümlə) ümumi semantik mənalarına görə fərqləndirir.",2-4.2.1,"Ad, əlamət, say, hərəkət bildirən sözlərin ümumi qrammatik mənalarını və morfoloji tərkibini müəyyən edir.",2026-03-17 19:59:43.623487,1a,məlumat alma,anlamaq,Az_dili_II_4.2.1
42,2,Dil qaydaları,4.2,"Qrammatika: Nitq vahidlərini (söz, cümlə) ümumi semantik mənalarına görə fərqləndirir.",2-4.2.2,"Cümlənin ifadə etdiyi fikri müəyyən edir, məqsəd və intonasiyaya görə növlərini fərqləndirir.",2026-03-17 19:59:43.623487,1a,şərh etmə,anlamaq,Az_dili_II_4.2.2
43,2,Dil qaydaları,4.3,Punktuasiya: Yazıda sadə punktuasiya qaydalarına əməl edir.,2-4.3.1,Cümlə sonunda müvafiq durğu işarələrindən istifadə edir.,2026-03-17 19:59:43.623487,1b,birbaşa anlama,tətbiq etmək,Az_dili_II_4.3.1
44,2,Dil qaydaları,4.3,Punktuasiya: Yazıda sadə punktuasiya qaydalarına əməl edir.,2-4.3.2,Vergül işarəsindən istifadə ilə bağlı sadə qaydalara əməl edir.,2026-03-17 19:59:43.623487,1a,birbaşa anlama,tətbiq etmək,Az_dili_II_4.3.2
45,2,Dil qaydaları,4.4,Leksika: Sözlərin mənalarını anladığını nümayiş etdirir.,2-4.4.1,Kontekstdən çıxış edərək sözün mənasını müəyyən edir.,2026-03-17 19:59:43.623487,1a,şərh etmə,anlamaq,Az_dili_II_4.4.1
46,2,Dil qaydaları,4.4,Leksika: Sözlərin mənalarını anladığını nümayiş etdirir.,2-4.4.2,Sözlərin mənalarını müxtəlif üsullarla izah edir.,2026-03-17 19:59:43.623487,1a,şərh etmə,anlamaq,Az_dili_II_4.4.2
47,2,Dinləmə və danışma,1.1,"Dinləyib-anlama: Dinlədiyi məlumatı anlayır, izah edir və münasibət bildirir.",2-1.1.1,Dinlədiyi mətndəki əsas məqamlarla bağlı faktoloji suallara cavab verir.,2026-03-17 19:59:43.623487,1b,məlumat alma,xatırlamaq,Az_dili_II_1.1.1
48,2,Dinləmə və danışma,1.1,"Dinləyib-anlama: Dinlədiyi məlumatı anlayır, izah edir və münasibət bildirir.",2-1.1.2,"Dinlədiyi mətnin məzmununu şərh edir, obraz və fikirlərə münasibət bildirir.",2026-03-17 19:59:43.623487,1a,şərh etmə,anlamaq,Az_dili_II_1.1.2
49,2,Dinləmə və danışma,1.1,"Dinləyib-anlama: Dinlədiyi məlumatı anlayır, izah edir və münasibət bildirir.",2-1.1.3,"Dinlədiyi mətni genişləndirir, davamını təxmin edir.",2026-03-17 19:59:43.623487,2,şərh etmə,anlamaq,Az_dili_II_1.1.3
50,2,Dinləmə və danışma,1.2,Dialoji nitq: Müzakirə və dialoqlarda dinlədiyi fikirlərə adekvat reaksiya verir.,2-1.2.1,Həyatdan və əldə etdiyi məlumatlardan nümunələr gətirməklə dinlədiyi fikrə münasibət bildirir.,2026-03-17 19:59:43.623487,1a,şərh etmə,anlamaq,Az_dili_II_1.2.1
51,2,Dinləmə və danışma,1.2,Dialoji nitq: Müzakirə və dialoqlarda dinlədiyi fikirlərə adekvat reaksiya verir.,2-1.2.2,Mövzu üzrə əvvəlcədən müəyyənləşdirdiyi suallar əsasında dialoq qurur.,2026-03-17 19:59:43.623487,1a,inteqrasiya,tətbiq etmək,Az_dili_II_1.2.2
52,2,Dinləmə və danışma,1.3,Rabitəli nitq: Hər hansı mövzuda danışarkən rabitəli nitq nümayiş etdirir.,2-1.3.1,Oxuduğu və dinlədiyi mətnləri plan əsasında nəql edir.,2026-03-17 19:59:43.623487,1a,birbaşa anlama,anlamaq,Az_dili_II_1.3.1
53,2,Dinləmə və danışma,1.3,Rabitəli nitq: Hər hansı mövzuda danışarkən rabitəli nitq nümayiş etdirir.,2-1.3.2,"Şəkil, sxem və illustrasiyaları rabitəli şəkildə şifahi təqdim edir.",2026-03-17 19:59:43.623487,1a,inteqrasiya,anlamaq,Az_dili_II_1.3.2
54,2,Dinləmə və danışma,1.3,Rabitəli nitq: Hər hansı mövzuda danışarkən rabitəli nitq nümayiş etdirir.,2-1.3.3,"Hər hansı hadisə, varlıq haqqında fikir və təəssüratlarını ifadə edir.",2026-03-17 19:59:43.623487,1a,şərh etmə,tətbiq etmək,Az_dili_II_1.3.3
55,2,Dinləmə və danışma,1.3,Rabitəli nitq: Hər hansı mövzuda danışarkən rabitəli nitq nümayiş etdirir.,2-1.3.4,Araşdırma nəticəsində əldə etdiyi məlumatları rabitəli şəkildə təqdim edir.,2026-03-17 19:59:43.623487,2,inteqrasiya,tətbiq etmək,Az_dili_II_1.3.4
56,2,Dinləmə və danışma,1.4,Ədəbi dilin normaları və ekspressiv nitq: Danışarkən ədəbi dilin normalarına əməl edir və ekspressiv nitq nümayiş etdirir.,2-1.4.1,Nitqində yeni öyrəndiyi söz və ifadələrdən kontekstə uyğun istifadə edir.,2026-03-17 19:59:43.623487,1a,birbaşa anlama,tətbiq etmək,Az_dili_II_1.4.1
57,2,Dinləmə və danışma,1.4,Ədəbi dilin normaları və ekspressiv nitq: Danışarkən ədəbi dilin normalarına əməl edir və ekspressiv nitq nümayiş etdirir.,2-1.4.2,"Danışarkən səs tonunun tənzimlənməsi, məntiqi vurğudan istifadə.",2026-03-17 19:59:43.623487,1a,birbaşa anlama,tətbiq etmək,Az_dili_II_1.4.2
58,2,Oxu,2.1,"Səlis və ifadəli oxu: Kiçik həcmli mətnləri sürətli, aydın, səlis oxuyur.",2-2.1.1,Müvafiq mətnləri sürətli və aydın səslə oxuyur.,2026-03-17 19:59:43.623487,1b,birbaşa anlama,tətbiq etmək,Az_dili_II_2.1.1
60,2,Oxu,2.2,Faktoloji qavrama: Mətndə açıq şəkildə ifadə olunmuş informasiyanı mənimsədiyini nümayiş etdirir.,2-2.2.1,"Oxuduğu mətndəki hadisələri, obrazları, zaman, məkan, fakt və fikirləri müəyyənləşdirir.",2026-03-17 19:59:43.623487,1a,məlumat alma,xatırlamaq,Az_dili_II_2.2.1
61,2,Oxu,2.2,Faktoloji qavrama: Mətndə açıq şəkildə ifadə olunmuş informasiyanı mənimsədiyini nümayiş etdirir.,2-2.2.2,Qrafik təsvirlərdən istifadə etməklə mətndəki məlumatları mənimsədiyini nümayiş etdirir.,2026-03-17 19:59:43.623487,1a,inteqrasiya,anlamaq,Az_dili_II_2.2.2
62,2,Oxu,2.2,Faktoloji qavrama: Mətndə açıq şəkildə ifadə olunmuş informasiyanı mənimsədiyini nümayiş etdirir.,2-2.2.3,Kontekstdən çıxış edərək sözün mənasını müəyyən edir.,2026-03-17 19:59:43.623487,1a,şərh etmə,anlamaq,Az_dili_II_2.2.3
63,2,Oxu,2.3,Şərhetmə və əlaqələndirmə: Mətndə açıq şəkildə ifadə olunmayan informasiya haqqında fikir yürüdür.,2-2.3.1,"Mətndəki hadisə, fakt və fikirlərin arasındakı əlaqəni müəyyən edir.",2026-03-17 19:59:43.623487,1a,şərh etmə,anlamaq,Az_dili_II_2.3.1
64,2,Oxu,2.3,Şərhetmə və əlaqələndirmə: Mətndə açıq şəkildə ifadə olunmayan informasiya haqqında fikir yürüdür.,2-2.3.2,Mətndəki hadisələr və obrazların davranışından çıxış edərək xarakterləri təhlil edir.,2026-03-17 19:59:43.623487,2,şərh etmə,təhlil etmək,Az_dili_II_2.3.2
65,2,Oxu,2.3,Şərhetmə və əlaqələndirmə: Mətndə açıq şəkildə ifadə olunmayan informasiya haqqında fikir yürüdür.,2-2.3.3,Mətndə əsas fikri müəyyən edir.,2026-03-17 19:59:43.623487,2,şərh etmə,anlamaq,Az_dili_II_2.3.3
66,2,Oxu,2.4,Tənqidi təfəkkür və yaradıcı yanaşma: Mətndəki fakt və hadisələrə bağlı şəxsi münasibətini ifadə edir.,2-2.4.1,"Mətndəki fakt, hadisə və obrazlara münasibətini bildirir.",2026-03-17 19:59:43.623487,1a,qiymətləndirmə,anlamaq,Az_dili_II_2.4.1
67,2,Oxu,2.4,Tənqidi təfəkkür və yaradıcı yanaşma: Mətndəki fakt və hadisələrə bağlı şəxsi münasibətini ifadə edir.,2-2.4.2,Mətni təxəyyülünə uyğun davam etdirir.,2026-03-17 19:59:43.623487,2,qiymətləndirmə,yaratmaq,Az_dili_II_2.4.2
68,2,Oxu,2.4,Tənqidi təfəkkür və yaradıcı yanaşma: Mətndəki fakt və hadisələrə bağlı şəxsi münasibətini ifadə edir.,2-2.4.3,Bədii və qeyri-bədii mətnlərin məzmun-struktur xüsusiyyətlərini izah edir.,2026-03-17 19:59:43.623487,2,şərh etmə,anlamaq,Az_dili_II_2.4.3
69,2,Oxu,2.4,Tənqidi təfəkkür və yaradıcı yanaşma: Mətndəki fakt və hadisələrə bağlı şəxsi münasibətini ifadə edir.,2-2.4.4,"Müxtəlif mətnləri mövzu, məzmun və ideya baxımından müqayisə edir.",2026-03-17 19:59:43.623487,2,qiymətləndirmə,təhlil etmək,Az_dili_II_2.4.4
70,2,Yazı,3.1,Yazı normaları: Yazısında ədəbi dilin normalarına və mətnin struktur tələblərinə riayət edir.,2-3.1.1,Yazısının aydın və oxunaqlı olması üçün müvafiq yazı normalarına əməl edir.,2026-03-17 19:59:43.623487,1b,birbaşa anlama,tətbiq etmək,Az_dili_II_3.1.1
71,2,Yazı,3.1,Yazı normaları: Yazısında ədəbi dilin normalarına və mətnin struktur tələblərinə riayət edir.,2-3.1.2,Məlumatları ardıcıllıqla əks etdirir.,2026-03-17 19:59:43.623487,1b,birbaşa anlama,tətbiq etmək,Az_dili_II_3.1.2
72,2,Yazı,3.1,Yazı normaları: Yazısında ədəbi dilin normalarına və mətnin struktur tələblərinə riayət edir.,2-3.1.3,"Öyrəndiyi sadə orfoqrafiya, qrammatika və punktuasiya qaydalarına yazısında riayət edir.",2026-03-17 19:59:43.623487,1a,birbaşa anlama,tətbiq etmək,Az_dili_II_3.1.3
73,2,Yazı,3.2,Yazı məqsədləri və tipləri: Məqsədə uyğun olaraq kiçikhəcmli sadə mətnlər yazır.,2-3.2.1,Bildiyi və ya yeni tanış olduğu məlumatları yazısında əks etdirir.,2026-03-17 19:59:43.623487,1a,birbaşa anlama,tətbiq etmək,Az_dili_II_3.2.1
74,2,Yazı,3.2,Yazı məqsədləri və tipləri: Məqsədə uyğun olaraq kiçikhəcmli sadə mətnlər yazır.,2-3.2.2,Təxəyyülünə əsasən sadə süjetli bədii mətn yazır.,2026-03-17 19:59:43.623487,2,qiymətləndirmə,yaratmaq,Az_dili_II_3.2.2
75,2,Yazı,3.2,Yazı məqsədləri və tipləri: Məqsədə uyğun olaraq kiçikhəcmli sadə mətnlər yazır.,2-3.2.3,Suallar əsasında mövzu ilə bağlı qeyri-bədii (informativ) mətn yazır.,2026-03-17 19:59:43.623487,1a,inteqrasiya,tətbiq etmək,Az_dili_II_3.2.3
76,2,Yazı,3.2,Yazı məqsədləri və tipləri: Məqsədə uyğun olaraq kiçikhəcmli sadə mətnlər yazır.,2-3.2.4,Təqdimat üçün müxtəlif vizual forma və üsullar seçir.,2026-03-17 19:59:43.623487,1a,inteqrasiya,tətbiq etmək,Az_dili_II_3.2.4
77,3,Dil qaydaları,4.1,Orfoqrafiya: Dilin fonetik qanunauyğunluqlarını izah edir və nitqində onlardan istifadə edir.,3-4.1.1,Sözlərdə sait və samitlərin yazılış qaydalarına riayət edir.,2026-03-17 19:59:43.623487,1a,birbaşa anlama,tətbiq etmək,Az_dili_III_4.1.1
78,3,Dil qaydaları,4.1,Orfoqrafiya: Dilin fonetik qanunauyğunluqlarını izah edir və nitqində onlardan istifadə edir.,3-4.1.2,Mürəkkəb sözlərin yazılış qaydalarına riayət edir.,2026-03-17 19:59:43.623487,2,birbaşa anlama,tətbiq etmək,Az_dili_III_4.1.2
79,3,Dil qaydaları,4.1,Orfoqrafiya: Dilin fonetik qanunauyğunluqlarını izah edir və nitqində onlardan istifadə edir.,3-4.1.3,Şəkilçilərin yazılış qaydalarına əməl edir.,2026-03-17 19:59:43.623487,2,birbaşa anlama,tətbiq etmək,Az_dili_III_4.1.3
80,3,Dil qaydaları,4.2,Qrammatika: Nitq hissələrinin ümumi qrammatik mənalarını və morfoloji tərkibini müəyyən edir.,3-4.2.1,Nitq hissələrinin ümumi qrammatik mənalarını və morfoloji tərkibini müəyyən edir.,2026-03-17 19:59:43.623487,2,məlumat alma,anlamaq,Az_dili_III_4.2.1
81,3,Dil qaydaları,4.2,Qrammatika: Nitq hissələrinin ümumi qrammatik mənalarını və morfoloji tərkibini müəyyən edir.,3-4.2.2,Sintaktik vahidlərin və cümlə komponentlərini və ifadə etdiyi semantik mənanı izah edir.,2026-03-17 19:59:43.623487,2,şərh etmə,anlamaq,Az_dili_III_4.2.2
84,3,Dil qaydaları,4.4,Leksika: Sözlərin mənalarını anladığını nümayiş etdirir.,3-4.4.1,Kontekstdən və morfoloji tərkibdən çıxış edərək sözün mənasını müəyyən edir.,2026-03-17 19:59:43.623487,2,şərh etmə,anlamaq,Az_dili_III_4.4.1
85,3,Dil qaydaları,4.4,Leksika: Sözlərin mənalarını anladığını nümayiş etdirir.,3-4.4.2,Sözlərin mənalarını müxtəlif üsullarla izah edir.,2026-03-17 19:59:43.623487,2,şərh etmə,anlamaq,Az_dili_III_4.4.2
86,3,Dinləmə və danışma,1.1,"Dinləyib-anlama: Dinlədiyi məlumatı anlayır, izah edir və münasibət bildirir.",3-1.1.1,Dinlədiyi mətnin məzmunu ilə bağlı əsas məqamları qeyd edir və onları verilmiş şəkillərlə əlaqələndirir.,2026-03-17 19:59:43.623487,1a,məlumat alma,anlamaq,Az_dili_III_1.1.1
87,3,Dinləmə və danışma,1.1,"Dinləyib-anlama: Dinlədiyi məlumatı anlayır, izah edir və münasibət bildirir.",3-1.1.2,Dinlədiyi mətni əsas epizoda istinad edərək dinlənilmiş mətnin ideyasının müəyyənləşdirilməsi.,2026-03-17 19:59:43.623487,2,şərh etmə,anlamaq,Az_dili_III_1.1.2
88,3,Dinləmə və danışma,1.1,"Dinləyib-anlama: Dinlədiyi məlumatı anlayır, izah edir və münasibət bildirir.",3-1.1.3,"Dinlədiyi mətni genişləndirir, davamını təxmin edir.",2026-03-17 19:59:43.623487,2,şərh etmə,anlamaq,Az_dili_III_1.1.3
89,3,Dinləmə və danışma,1.2,Dialoji nitq: Müzakirə və dialoqlarda dinlədiyi fikirlərə adekvat reaksiya verir.,3-1.2.1,Müzakirələrdə çıxış edərkən mövzudan kənara çıxmır.,2026-03-17 19:59:43.623487,1a,birbaşa anlama,tətbiq etmək,Az_dili_III_1.2.1
90,3,Dinləmə və danışma,1.2,Dialoji nitq: Müzakirə və dialoqlarda dinlədiyi fikirlərə adekvat reaksiya verir.,3-1.2.2,Dinlədiyi fikirlərə münasibətini bildirməsi üçün arqumentlər gətirir.,2026-03-17 19:59:43.623487,2,qiymətləndirmə,anlamaq,Az_dili_III_1.2.2
91,3,Dinləmə və danışma,1.2,Dialoji nitq: Müzakirə və dialoqlarda dinlədiyi fikirlərə adekvat reaksiya verir.,3-1.2.3,Dialoq zamanı mövzu ilə bağlı müəyyən məqamları sual verməklə aydınlaşdırır.,2026-03-17 19:59:43.623487,2,şərh etmə,anlamaq,Az_dili_III_1.2.3
92,3,Dinləmə və danışma,1.3,Rabitəli nitq: Hər hansı mövzuda danışarkən rabitəli nitq nümayiş etdirir.,3-1.3.1,Oxuduğu və dinlədiyi mətnləri yaradıcı şəkildə nəql edir.,2026-03-17 19:59:43.623487,2,şərh etmə,tətbiq etmək,Az_dili_III_1.3.1
93,3,Dinləmə və danışma,1.3,Rabitəli nitq: Hər hansı mövzuda danışarkən rabitəli nitq nümayiş etdirir.,3-1.3.2,Qrafik və ya verbal-qrafik informasiyanı rabitəli şəkildə şifahi təqdim edir.,2026-03-17 19:59:43.623487,2,inteqrasiya,tətbiq etmək,Az_dili_III_1.3.2
94,3,Dinləmə və danışma,1.3,Rabitəli nitq: Hər hansı mövzuda danışarkən rabitəli nitq nümayiş etdirir.,3-1.3.3,"Mövzu ilə bağlı bildiklərini, fikir və təəssüratlarını rabitəli şəkildə təqdim edir.",2026-03-17 19:59:43.623487,2,şərh etmə,tətbiq etmək,Az_dili_III_1.3.3
95,3,Dinləmə və danışma,1.3,Rabitəli nitq: Hər hansı mövzuda danışarkən rabitəli nitq nümayiş etdirir.,3-1.3.4,Araşdırma nəticəsində əldə etdiyi məlumatları rabitəli şəkildə təqdim edir.,2026-03-17 19:59:43.623487,2,inteqrasiya,tətbiq etmək,Az_dili_III_1.3.4
96,3,Dinləmə və danışma,1.4,Ədəbi dilin normaları və ekspressiv nitq: Danışarkən ədəbi dilin normalarına əməl edir və ekspressiv nitq nümayiş etdirir.,3-1.4.1,Cümlə qurarkən sözləri uyğun qrammatik formada işlədir.,2026-03-17 19:59:43.623487,2,birbaşa anlama,tətbiq etmək,Az_dili_III_1.4.1
97,3,Dinləmə və danışma,1.4,Ədəbi dilin normaları və ekspressiv nitq: Danışarkən ədəbi dilin normalarına əməl edir və ekspressiv nitq nümayiş etdirir.,3-1.4.2,"Danışarkən emosiyalarını nümayiş etdirmək üçün intonasiya, jest və mimikadan istifadə edir.",2026-03-17 19:59:43.623487,2,birbaşa anlama,tətbiq etmək,Az_dili_III_1.4.2
98,3,Oxu,2.1,"Səlis və ifadəli oxu: Kiçik həcmli mətnləri sürətli, aydın, səlis oxuyur.",3-2.1.1,"Müvafiq mətnləri sürətli, səlis, aydın səslə oxuyur.",2026-03-17 19:59:43.623487,1a,birbaşa anlama,tətbiq etmək,Az_dili_III_2.1.1
99,3,Oxu,2.1,"Səlis və ifadəli oxu: Kiçik həcmli mətnləri sürətli, aydın, səlis oxuyur.",3-2.1.2,Dialoji mətni uyğun səs tonları ilə oxuyur.,2026-03-17 19:59:43.623487,2,birbaşa anlama,tətbiq etmək,Az_dili_III_2.1.2
100,3,Oxu,2.2,Faktoloji qavrama: Mətndə açıq şəkildə ifadə olunmuş informasiyanı mənimsədiyini nümayiş etdirir.,3-2.2.1,Qeyd götürməklə mətndəki əsas məlumatları mənimsədiyini nümayiş etdirir.,2026-03-17 19:59:43.623487,1a,məlumat alma,anlamaq,Az_dili_III_2.2.1
101,3,Oxu,2.2,Faktoloji qavrama: Mətndə açıq şəkildə ifadə olunmuş informasiyanı mənimsədiyini nümayiş etdirir.,3-2.2.2,Verbal-qrafik informasiyanı mənimsədiyini nümayiş etdirir.,2026-03-17 19:59:43.623487,1a,inteqrasiya,anlamaq,Az_dili_III_2.2.2
102,3,Oxu,2.2,Faktoloji qavrama: Mətndə açıq şəkildə ifadə olunmuş informasiyanı mənimsədiyini nümayiş etdirir.,3-2.2.3,Kontekstdən çıxış edərək söz və ifadələrin mənasını müəyyən edir və verilmiş izahla müqayisə edir.,2026-03-17 19:59:43.623487,2,şərh etmə,anlamaq,Az_dili_III_2.2.3
103,3,Oxu,2.3,Şərhetmə və əlaqələndirmə: Mətndə açıq şəkildə ifadə olunmayan informasiya haqqında fikir yürüdür.,3-2.3.1,Ümumi məzmun səviyyəsində səbəb-nəticə əlaqəsini müəyyənləşdirir.,2026-03-17 19:59:43.623487,2,şərh etmə,anlamaq,Az_dili_III_2.3.1
104,3,Oxu,2.3,Şərhetmə və əlaqələndirmə: Mətndə açıq şəkildə ifadə olunmayan informasiya haqqında fikir yürüdür.,3-2.3.2,Mətndəki hadisələrə və dialoqlara görə obrazlar haqqında fikir yürüdür.,2026-03-17 19:59:43.623487,2,şərh etmə,təhlil etmək,Az_dili_III_2.3.2
105,3,Oxu,2.3,Şərhetmə və əlaqələndirmə: Mətndə açıq şəkildə ifadə olunmayan informasiya haqqında fikir yürüdür.,3-2.3.3,Mətndə əsas fikrin açılmasına xidmət edən məqamları müəyyənləşdirir.,2026-03-17 19:59:43.623487,2,şərh etmə,anlamaq,Az_dili_III_2.3.3
106,3,Oxu,2.4,Tənqidi təfəkkür və yaradıcı yanaşma: Mətndəki fakt və hadisələrə bağlı şəxsi münasibətini ifadə edir.,3-2.4.1,"Mətndəki fakt, hadisə və obrazlarla bağlı şəxsi mövqeyini əsaslandırır.",2026-03-17 19:59:43.623487,2,qiymətləndirmə,qiymətləndirmək,Az_dili_III_2.4.1
107,3,Oxu,2.4,Tənqidi təfəkkür və yaradıcı yanaşma: Mətndəki fakt və hadisələrə bağlı şəxsi münasibətini ifadə edir.,3-2.4.2,"Mətni təxəyyülünə uyğun genişləndirir, dilindən nəql edir.",2026-03-17 19:59:43.623487,2,qiymətləndirmə,yaratmaq,Az_dili_III_2.4.2
108,3,Oxu,2.4,Tənqidi təfəkkür və yaradıcı yanaşma: Mətndəki fakt və hadisələrə bağlı şəxsi münasibətini ifadə edir.,3-2.4.3,"Mətnin tərkib hissələrini, struktur elementlərini və dil-üslub xüsusiyyətlərini müəyyən edir.",2026-03-17 19:59:43.623487,2,şərh etmə,təhlil etmək,Az_dili_III_2.4.3
109,3,Oxu,2.4,Tənqidi təfəkkür və yaradıcı yanaşma: Mətndəki fakt və hadisələrə bağlı şəxsi münasibətini ifadə edir.,3-2.4.4,"Müxtəlif mətnləri mövzu, məzmun, ideya baxımından müqayisə edir.",2026-03-17 19:59:43.623487,2,qiymətləndirmə,təhlil etmək,Az_dili_III_2.4.4
110,3,Yazı,3.1,Yazı normaları: Yazısında ədəbi dilin normalarına və mətnin struktur tələblərinə riayət edir.,3-3.1.1,Yazısında məlumatları mətnin tərkib hissələri üzrə qruplaşdırır.,2026-03-17 19:59:43.623487,2,birbaşa anlama,tətbiq etmək,Az_dili_III_3.1.1
111,3,Yazı,3.1,Yazı normaları: Yazısında ədəbi dilin normalarına və mətnin struktur tələblərinə riayət edir.,3-3.1.2,Özünün və başqasının yazısını dil qaydaları baxımından təkmilləşdirir.,2026-03-17 19:59:43.623487,2,qiymətləndirmə,qiymətləndirmək,Az_dili_III_3.1.2
112,3,Yazı,3.2,Yazı məqsədləri və tipləri: Məqsədə uyğun olaraq kiçikhəcmli sadə mətnlər yazır.,3-3.2.1,"Dinlədiyi, oxuduğu məlumatları yazısında əks etdirir.",2026-03-17 19:59:43.623487,1a,birbaşa anlama,tətbiq etmək,Az_dili_III_3.2.1
113,3,Yazı,3.2,Yazı məqsədləri və tipləri: Məqsədə uyğun olaraq kiçikhəcmli sadə mətnlər yazır.,3-3.2.2,"Fikir, təxəyyül və təəssüratları əsasında bədii mətn yazır.",2026-03-17 19:59:43.623487,2,qiymətləndirmə,yaratmaq,Az_dili_III_3.2.2
114,3,Yazı,3.2,Yazı məqsədləri və tipləri: Məqsədə uyğun olaraq kiçikhəcmli sadə mətnlər yazır.,3-3.2.3,Tanış olduğu məlumatlar əsasında kiçikhəcmli qeyri-bədii mətn yazır.,2026-03-17 19:59:43.623487,2,inteqrasiya,tətbiq etmək,Az_dili_III_3.2.3
115,3,Yazı,3.2,Yazı məqsədləri və tipləri: Məqsədə uyğun olaraq kiçikhəcmli sadə mətnlər yazır.,3-3.2.4,Standart forma və məzmun xüsusiyyətlərini gözləməklə əməli yazılar yazır.,2026-03-17 19:59:43.623487,2,birbaşa anlama,tətbiq etmək,Az_dili_III_3.2.4
116,3,Yazı,3.2,Yazı məqsədləri və tipləri: Məqsədə uyğun olaraq kiçikhəcmli sadə mətnlər yazır.,3-3.2.5,Təqdimat üçün müxtəlif vizual forma və üsullar seçir.,2026-03-17 19:59:43.623487,2,inteqrasiya,tətbiq etmək,Az_dili_III_3.2.5
117,4,Dil qaydaları,4.1,Orfoqrafiya: Dilin fonetik qanunauyğunluqlarını izah edir və nitqində onlardan istifadə edir.,4-4.1.1,Sözlərdə sait və samitlərin yazılış qaydalarına riayət edir.,2026-03-17 19:59:43.623487,2,birbaşa anlama,tətbiq etmək,Az_dili_IV_4.1.1
118,4,Dil qaydaları,4.1,Orfoqrafiya: Dilin fonetik qanunauyğunluqlarını izah edir və nitqində onlardan istifadə edir.,4-4.1.2,"Sözlərin bitişik, ayrı və defislə yazılış qaydalarına riayət edir.",2026-03-17 19:59:43.623487,2,birbaşa anlama,tətbiq etmək,Az_dili_IV_4.1.2
119,4,Dil qaydaları,4.1,Orfoqrafiya: Dilin fonetik qanunauyğunluqlarını izah edir və nitqində onlardan istifadə edir.,4-4.1.3,Sözlərin böyük hərflə yazılış qaydalarına əməl edir.,2026-03-17 19:59:43.623487,2,birbaşa anlama,tətbiq etmək,Az_dili_IV_4.1.3
120,4,Dil qaydaları,4.2,Qrammatika: Nitq hissələrinin qrammatik-semantik-morfoloji tərkibini izah edir.,4-4.2.1,Kontekstdən və qrammatik formadan çıxış edərək əsas nitq hissələrinin qrammatik-semantik-morfoloji tərkibini izah edir.,2026-03-17 19:59:43.623487,2,şərh etmə,anlamaq,Az_dili_IV_4.2.1
121,4,Dil qaydaları,4.2,Qrammatika: Nitq hissələrinin qrammatik-semantik-morfoloji tərkibini izah edir.,4-4.2.2,Köməkçi nitq hissələrinin ümumi qrammatik mənalarını müəyyən edir.,2026-03-17 19:59:43.623487,2,məlumat alma,anlamaq,Az_dili_IV_4.2.2
122,4,Dil qaydaları,4.2,Qrammatika: Nitq hissələrinin qrammatik-semantik-morfoloji tərkibini izah edir.,4-4.2.3,Sintaktik vahidlərin və cümlə komponentlərini və ifadə etdiyi semantik mənanı izah edir.,2026-03-17 19:59:43.623487,3,şərh etmə,anlamaq,Az_dili_IV_4.2.3
123,4,Dil qaydaları,4.3,Punktuasiya: Yazıda punktuasiya qaydalarına əməl edir.,4-4.3.1,"O, bu əvəzliklərindən sonra əvəzliyindən sonra vergül işarəsinin işlənmə məqamını müəyyən edir.",2026-03-17 19:59:43.623487,2,birbaşa anlama,anlamaq,Az_dili_IV_4.3.1
124,4,Dil qaydaları,4.3,Punktuasiya: Yazıda punktuasiya qaydalarına əməl edir.,4-4.3.2,Defis və tire işarələrini fərqləndirir.,2026-03-17 19:59:43.623487,2,birbaşa anlama,anlamaq,Az_dili_IV_4.3.2
125,4,Dil qaydaları,4.3,Punktuasiya: Yazıda punktuasiya qaydalarına əməl edir.,4-4.3.3,Sitatda dırnaq işarəsindən istifadə edir.,2026-03-17 19:59:43.623487,2,birbaşa anlama,tətbiq etmək,Az_dili_IV_4.3.3
126,4,Dil qaydaları,4.3,Punktuasiya: Yazıda punktuasiya qaydalarına əməl edir.,4-4.3.4,İxtisarlarda durğu işarələrindən istifadə edir.,2026-03-17 19:59:43.623487,2,birbaşa anlama,tətbiq etmək,Az_dili_IV_4.3.4
127,4,Dil qaydaları,4.3,Punktuasiya: Yazıda punktuasiya qaydalarına əməl edir.,4-4.3.5,Müəyyən sintaktik konstruksiyalarda mötərizə işarəsinin funksiyasını izah edir.,2026-03-17 19:59:43.623487,3,şərh etmə,anlamaq,Az_dili_IV_4.3.5
128,4,Dil qaydaları,4.4,Leksika: Sözlərin mənalarını anladığını nümayiş etdirir.,4-4.4.1,Kontekstdən və morfoloji tərkibdən çıxış edərək sözün mənasını müəyyən edir və lüğət vasitəsilə dəqiqləşdirir.,2026-03-17 19:59:43.623487,2,şərh etmə,anlamaq,Az_dili_IV_4.4.1
129,4,Dil qaydaları,4.4,Leksika: Sözlərin mənalarını anladığını nümayiş etdirir.,4-4.4.2,Leksik vahidlərin mənalarını müxtəlif üsullarla izah edir.,2026-03-17 19:59:43.623487,2,şərh etmə,anlamaq,Az_dili_IV_4.4.2
130,4,Dil qaydaları,4.4,Leksika: Sözlərin mənalarını anladığını nümayiş etdirir.,4-4.4.3,Sözləri leksik kateqoriyalar üzrə qruplaşdırır.,2026-03-17 19:59:43.623487,2,məlumat alma,təhlil etmək,Az_dili_IV_4.4.3
131,4,Dinləmə və danışma,1.1,"Dinləyib-anlama: Dinlədiyi məlumatı anlayır, izah edir və münasibət bildirir.",4-1.1.1,Dinləmə zamanı götürdüyü qeydlər əsasında mətnlə bağlı suallara cavab verir.,2026-03-17 19:59:43.623487,2,məlumat alma,anlamaq,Az_dili_IV_1.1.1
132,4,Dinləmə və danışma,1.1,"Dinləyib-anlama: Dinlədiyi məlumatı anlayır, izah edir və münasibət bildirir.",4-1.1.2,Dinlədiyi mətni ideya və məzmun baxımından şərh edir.,2026-03-17 19:59:43.623487,2,şərh etmə,anlamaq,Az_dili_IV_1.1.2
133,4,Dinləmə və danışma,1.1,"Dinləyib-anlama: Dinlədiyi məlumatı anlayır, izah edir və münasibət bildirir.",4-1.1.3,"Öz versiya və düşüncələrini əlavə etməklə dinlədiyi mətni genişləndirir, dəyişdirir, davamını təxmin edir.",2026-03-17 19:59:43.623487,2,şərh etmə,yaratmaq,Az_dili_IV_1.1.3
134,4,Dinləmə və danışma,1.2,Dialoji nitq: Müzakirə və dialoqlarda dinlədiyi fikirlərə adekvat reaksiya verir.,4-1.2.1,Dinlədiyi fikirləri təsdiq və ya təkzib etmək üçün arqument və ya əks-arqumentlər gətirir.,2026-03-17 19:59:43.623487,2,qiymətləndirmə,qiymətləndirmək,Az_dili_IV_1.2.1
135,4,Dinləmə və danışma,1.2,Dialoji nitq: Müzakirə və dialoqlarda dinlədiyi fikirlərə adekvat reaksiya verir.,4-1.2.2,Əldə etdiyi məlumatlar və tərtib etdiyi suallar əsasında müsahibi ilə dialoq qurur.,2026-03-17 19:59:43.623487,2,inteqrasiya,tətbiq etmək,Az_dili_IV_1.2.2
136,4,Dinləmə və danışma,1.3,Rabitəli nitq: Hər hansı mövzuda danışarkən rabitəli nitq nümayiş etdirir.,4-1.3.1,Əlavə məlumatlardan istifadə etməklə dinlədiyi və ya oxuduğu mətni genişləndirib danışır.,2026-03-17 19:59:43.623487,2,şərh etmə,tətbiq etmək,Az_dili_IV_1.3.1
137,4,Dinləmə və danışma,1.3,Rabitəli nitq: Hər hansı mövzuda danışarkən rabitəli nitq nümayiş etdirir.,4-1.3.2,Qrafik və ya verbal-qrafik informasiyanı rabitəli şəkildə şifahi təqdim edir.,2026-03-17 19:59:43.623487,2,inteqrasiya,tətbiq etmək,Az_dili_IV_1.3.2
138,4,Dinləmə və danışma,1.3,Rabitəli nitq: Hər hansı mövzuda danışarkən rabitəli nitq nümayiş etdirir.,4-1.3.3,"Mövzu ilə bağlı bildiklərini, fikir və təəssüratlarını rabitəli şəkildə təqdim edir.",2026-03-17 19:59:43.623487,2,şərh etmə,tətbiq etmək,Az_dili_IV_1.3.3
139,4,Dinləmə və danışma,1.3,Rabitəli nitq: Hər hansı mövzuda danışarkən rabitəli nitq nümayiş etdirir.,4-1.3.4,Araşdırma nəticəsində əldə etdiyi məlumatları rabitəli şəkildə təqdim edir.,2026-03-17 19:59:43.623487,2,inteqrasiya,tətbiq etmək,Az_dili_IV_1.3.4
140,4,Dinləmə və danışma,1.4,Ədəbi dilin normaları və ekspressiv nitq: Danışarkən ədəbi dilin normalarına əməl edir və ekspressiv nitq nümayiş etdirir.,4-1.4.1,Şifahi nitqində leksik və qrammatik normalara əməl edir.,2026-03-17 19:59:43.623487,2,birbaşa anlama,tətbiq etmək,Az_dili_IV_1.4.1
141,4,Dinləmə və danışma,1.4,Ədəbi dilin normaları və ekspressiv nitq: Danışarkən ədəbi dilin normalarına əməl edir və ekspressiv nitq nümayiş etdirir.,4-1.4.2,"Danışarkən məzmuna uyğun intonasiya, jest, mimikadan istifadə edir, auditoriya ilə göz təması qurur.",2026-03-17 19:59:43.623487,2,birbaşa anlama,tətbiq etmək,Az_dili_IV_1.4.2
142,4,Oxu,2.1,"Səlis və ifadəli oxu: Kiçik həcmli mətnləri sürətli, aydın, səlis oxuyur.",4-2.1.1,Deyilişi çətin olan sözləri aydın tələffüz etməklə kiçikhəcmli mətnləri oxuyur.,2026-03-17 19:59:43.623487,2,birbaşa anlama,tətbiq etmək,Az_dili_IV_2.1.1
143,4,Oxu,2.1,"Səlis və ifadəli oxu: Kiçik həcmli mətnləri sürətli, aydın, səlis oxuyur.",4-2.1.2,Mətni oxuyarkən məzmuna uyğun səs tonu seçir.,2026-03-17 19:59:43.623487,2,birbaşa anlama,tətbiq etmək,Az_dili_IV_2.1.2
144,4,Oxu,2.2,Faktoloji qavrama: Mətndə açıq şəkildə ifadə olunmuş informasiyanı mənimsədiyini nümayiş etdirir.,4-2.2.1,Mətndə açıq şəkildə ifadə olunmuş məlumatları mənimsədiyini nümayiş etdirir.,2026-03-17 19:59:43.623487,2,məlumat alma,anlamaq,Az_dili_IV_2.2.1
145,4,Oxu,2.2,Faktoloji qavrama: Mətndə açıq şəkildə ifadə olunmuş informasiyanı mənimsədiyini nümayiş etdirir.,4-2.2.2,Verbal-qrafik informasiyanı mənimsədiyini nümayiş etdirir.,2026-03-17 19:59:43.623487,2,inteqrasiya,anlamaq,Az_dili_IV_2.2.2
146,4,Oxu,2.2,Faktoloji qavrama: Mətndə açıq şəkildə ifadə olunmuş informasiyanı mənimsədiyini nümayiş etdirir.,4-2.2.3,Kontekstdən çıxış edərək mətndəki söz və ifadələrin mənasını müəyyən edir və lüğət vasitəsilə dəqiqləşdirir.,2026-03-17 19:59:43.623487,2,şərh etmə,anlamaq,Az_dili_IV_2.2.3
147,4,Oxu,2.3,Şərhetmə və əlaqələndirmə: Mətndə açıq şəkildə ifadə olunmayan informasiya haqqında fikir yürüdür.,4-2.3.1,Mətndə fikirlərlə (müəllif mövqeyi ilə) fakt və hadisələri əlaqələndirir.,2026-03-17 19:59:43.623487,2,şərh etmə,təhlil etmək,Az_dili_IV_2.3.1
148,4,Oxu,2.3,Şərhetmə və əlaqələndirmə: Mətndə açıq şəkildə ifadə olunmayan informasiya haqqında fikir yürüdür.,4-2.3.2,Mətndəki obrazlara münasibət bildirir və fikirini mətnə istinad etməklə əsaslandırır.,2026-03-17 19:59:43.623487,3,qiymətləndirmə,qiymətləndirmək,Az_dili_IV_2.3.2
149,4,Oxu,2.3,Şərhetmə və əlaqələndirmə: Mətndə açıq şəkildə ifadə olunmayan informasiya haqqında fikir yürüdür.,4-2.3.3,Mətndəki əsas fikri bağlı həyatdan nümunələr gətirir.,2026-03-17 19:59:43.623487,3,inteqrasiya,tətbiq etmək,Az_dili_IV_2.3.3
150,4,Oxu,2.4,Tənqidi təfəkkür və yaradıcı yanaşma: Mətndəki fakt və hadisələrə bağlı şəxsi münasibətini ifadə edir.,4-2.4.1,Mətndəki obrazlara və müəllif yanaşmasına öz münasibətini bildirir.,2026-03-17 19:59:43.623487,3,qiymətləndirmə,qiymətləndirmək,Az_dili_IV_2.4.1
151,4,Oxu,2.4,Tənqidi təfəkkür və yaradıcı yanaşma: Mətndəki fakt və hadisələrə bağlı şəxsi münasibətini ifadə edir.,4-2.4.2,"Mətni məzmununa və janrın tələblərinə uyğun dəyişdirir, genişləndirir və ya tamamlayır.",2026-03-17 19:59:43.623487,3,qiymətləndirmə,yaratmaq,Az_dili_IV_2.4.2
152,4,Oxu,2.4,Tənqidi təfəkkür və yaradıcı yanaşma: Mətndəki fakt və hadisələrə bağlı şəxsi münasibətini ifadə edir.,4-2.4.3,Mətni məzmun-struktur və dil-üslub xüsusiyyətlərinə görə təhlil edir.,2026-03-17 19:59:43.623487,3,şərh etmə,təhlil etmək,Az_dili_IV_2.4.3
153,4,Oxu,2.4,Tənqidi təfəkkür və yaradıcı yanaşma: Mətndəki fakt və hadisələrə bağlı şəxsi münasibətini ifadə edir.,4-2.4.4,"Müxtəlif mətnləri mövzu, məzmun, ideya, struktur və bədii xüsusiyyətlər baxımından müqayisə edir.",2026-03-17 19:59:43.623487,3,qiymətləndirmə,təhlil etmək,Az_dili_IV_2.4.4
154,4,Yazı,3.1,Yazı normaları: Yazısında ədəbi dilin normalarına və mətnin struktur tələblərinə riayət edir.,4-3.1.1,Məntiqi və xronoloji ardıcıllığı gözləməklə məlumatları mətnin hissələrinə uyğun qruplaşdırır.,2026-03-17 19:59:43.623487,2,birbaşa anlama,tətbiq etmək,Az_dili_IV_3.1.1
155,4,Yazı,3.1,Yazı normaları: Yazısında ədəbi dilin normalarına və mətnin struktur tələblərinə riayət edir.,4-3.1.2,Yazıda ədəbi dilin normalarına riayət edir.,2026-03-17 19:59:43.623487,2,birbaşa anlama,tətbiq etmək,Az_dili_IV_3.1.2
156,4,Yazı,3.2,Yazı məqsədləri və tipləri: Məqsədə uyğun olaraq kiçikhəcmli sadə mətnlər yazır.,4-3.2.1,"Dinlədiyi, oxuduğu, həyatda gördüyü hadisə və faktlar əsasında mətn yazır.",2026-03-17 19:59:43.623487,2,birbaşa anlama,tətbiq etmək,Az_dili_IV_3.2.1
157,4,Yazı,3.2,Yazı məqsədləri və tipləri: Məqsədə uyğun olaraq kiçikhəcmli sadə mətnlər yazır.,4-3.2.2,Janr tələblərini gözləməklə təxəyyülə əsasən bədii mətn yazır.,2026-03-17 19:59:43.623487,3,qiymətləndirmə,yaratmaq,Az_dili_IV_3.2.2
158,4,Yazı,3.2,Yazı məqsədləri və tipləri: Məqsədə uyğun olaraq kiçikhəcmli sadə mətnlər yazır.,4-3.2.3,Araşdırdığı və əldə etdiyi məlumatlar əsasında qeyri-bədii mətn yazır.,2026-03-17 19:59:43.623487,2,inteqrasiya,tətbiq etmək,Az_dili_IV_3.2.3
159,4,Yazı,3.2,Yazı məqsədləri və tipləri: Məqsədə uyğun olaraq kiçikhəcmli sadə mətnlər yazır.,4-3.2.4,Standart forma və məzmun xüsusiyyətlərini gözləməklə əməli yazılar yazır.,2026-03-17 19:59:43.623487,2,birbaşa anlama,tətbiq etmək,Az_dili_IV_3.2.4
160,4,Yazı,3.2,Yazı məqsədləri və tipləri: Məqsədə uyğun olaraq kiçikhəcmli sadə mətnlər yazır.,4-3.2.5,Təqdimat üçün müxtəlif vizual forma və üsullar seçir.,2026-03-17 19:59:43.623487,2,inteqrasiya,tətbiq etmək,Az_dili_IV_3.2.5
161,5,Dil qaydaları,4.1,Orfoqrafiya və orfoepiya: Dilin fonetik qanunauyğunluqlarını izah edir və nitqində onlardan istifadə edir.,5-4.1.1,Sözlərdə sait və samitlərin növlərini müəyyən edir.,2026-03-17 19:59:43.623487,2,məlumat alma,xatırlamaq,Az_dili_V_4.1.1
162,5,Dil qaydaları,4.1,Orfoqrafiya və orfoepiya: Dilin fonetik qanunauyğunluqlarını izah edir və nitqində onlardan istifadə edir.,5-4.1.2,Sözlərdə bəzi sait və samitlərin yazılışı və tələffüzü qaydalarına riayət edir.,2026-03-17 19:59:43.623487,2,birbaşa anlama,tətbiq etmək,Az_dili_V_4.1.2
163,5,Dil qaydaları,4.1,Orfoqrafiya və orfoepiya: Dilin fonetik qanunauyğunluqlarını izah edir və nitqində onlardan istifadə edir.,5-4.1.3,Sözün sətirdən-sətrə keçirilmə qaydalarına əməl edir.,2026-03-17 19:59:43.623487,2,birbaşa anlama,tətbiq etmək,Az_dili_V_4.1.3
164,5,Dil qaydaları,4.1,Orfoqrafiya və orfoepiya: Dilin fonetik qanunauyğunluqlarını izah edir və nitqində onlardan istifadə edir.,5-4.1.4,Xüsusi isimlərin böyük hərflə yazılışı qaydalarına riayət edir.,2026-03-17 19:59:43.623487,2,birbaşa anlama,tətbiq etmək,Az_dili_V_4.1.4
165,5,Dil qaydaları,4.1,Orfoqrafiya və orfoepiya: Dilin fonetik qanunauyğunluqlarını izah edir və nitqində onlardan istifadə edir.,5-4.1.5,Sayların rəqəmlə yazılışında şəkilçilərin orfoqrafiya qaydalarına riayət edir.,2026-03-17 19:59:43.623487,2,birbaşa anlama,tətbiq etmək,Az_dili_V_4.1.5
166,5,Dil qaydaları,4.1,Orfoqrafiya və orfoepiya: Dilin fonetik qanunauyğunluqlarını izah edir və nitqində onlardan istifadə edir.,5-4.1.6,Mürəkkəb sözlərin yazılışı zamanı komponentlər arasındakı məna əlaqəsindən çıxış edir.,2026-03-17 19:59:43.623487,3,şərh etmə,anlamaq,Az_dili_V_4.1.6
167,5,Dil qaydaları,4.1,Orfoqrafiya və orfoepiya: Dilin fonetik qanunauyğunluqlarını izah edir və nitqində onlardan istifadə edir.,5-4.1.7,Azaltma və çoxaltma dərəcəli sifətlərin yazılışında orfoqrafiya qaydalarına riayət edir.,2026-03-17 19:59:43.623487,2,birbaşa anlama,tətbiq etmək,Az_dili_V_4.1.7
168,5,Dil qaydaları,4.2,Qrammatika: Nitq hissələrinin qrammatik kateqoriyalarını və morfoloji tərkibini müəyyən edir.,5-4.2.1,Əsas nitq hissələrinin ümumi qrammatik kateqoriyalarını və morfoloji tərkibini müəyyən edir.,2026-03-17 19:59:43.623487,2,məlumat alma,anlamaq,Az_dili_V_4.2.1
169,5,Dil qaydaları,4.2,Qrammatika: Nitq hissələrinin qrammatik kateqoriyalarını və morfoloji tərkibini müəyyən edir.,5-4.2.2,Köməkçi nitq hissələrini əsas nitq hissələrindən fərqləndirən xüsusiyyətləri müəyyən edir.,2026-03-17 19:59:43.623487,2,şərh etmə,anlamaq,Az_dili_V_4.2.2
170,5,Dil qaydaları,4.2,Qrammatika: Nitq hissələrinin qrammatik kateqoriyalarını və morfoloji tərkibini müəyyən edir.,5-4.2.3,Söz birləşməsini söz və cümlədən fərqləndirir.,2026-03-17 19:59:43.623487,2,şərh etmə,anlamaq,Az_dili_V_4.2.3
171,5,Dil qaydaları,4.2,Qrammatika: Nitq hissələrinin qrammatik kateqoriyalarını və morfoloji tərkibini müəyyən edir.,5-4.2.4,Cümlənin qrammatik əsasını müəyyən edir.,2026-03-17 19:59:43.623487,2,məlumat alma,anlamaq,Az_dili_V_4.2.4
172,5,Dil qaydaları,4.2,Qrammatika: Nitq hissələrinin qrammatik kateqoriyalarını və morfoloji tərkibini müəyyən edir.,5-4.2.5,"Cümlənin məqsəd və intonasiyasına, quruluşuna görə növlərini müəyyən edir.",2026-03-17 19:59:43.623487,2,məlumat alma,anlamaq,Az_dili_V_4.2.5
173,5,Dil qaydaları,4.3,Punktuasiya: Yazıda punktuasiya qaydalarına əməl edir.,5-4.3.1,Məqsəd və intonasiyadan asılı olaraq cümlə sonunda uyğun durğu işarələrindən istifadə edir.,2026-03-17 19:59:43.623487,2,birbaşa anlama,tətbiq etmək,Az_dili_V_4.3.1
174,5,Dil qaydaları,4.3,Punktuasiya: Yazıda punktuasiya qaydalarına əməl edir.,5-4.3.2,Mürəkkəb cümlənin tərkib hissələri arasında vergül işarəsindən yerində istifadə edir.,2026-03-17 19:59:43.623487,3,birbaşa anlama,tətbiq etmək,Az_dili_V_4.3.2
175,5,Dil qaydaları,4.4,Leksika: Sözlərin mənalarını anladığını nümayiş etdirir.,5-4.4.1,Söz tərkibindəki morfemlərin semantik mənasından çıxış edərək sözün mənasını müəyyən edir.,2026-03-17 19:59:43.623487,3,şərh etmə,anlamaq,Az_dili_V_4.4.1
176,5,Dil qaydaları,4.4,Leksika: Sözlərin mənalarını anladığını nümayiş etdirir.,5-4.4.2,Sözü müxtəlif yollarla izah edir.,2026-03-17 19:59:43.623487,2,şərh etmə,anlamaq,Az_dili_V_4.4.2
177,5,Dil qaydaları,4.4,Leksika: Sözlərin mənalarını anladığını nümayiş etdirir.,5-4.4.3,"Sözün həqiqi və məcazi mənalarını, sadə üslubi fiqurları, frazeologizmləri müəyyən edir.",2026-03-17 19:59:43.623487,3,şərh etmə,təhlil etmək,Az_dili_V_4.4.3
178,5,Dinləmə və danışma,1.1,"Dinləyib-anlama: Dinlədiyi məlumatı anlayır, izah edir və münasibət bildirir.",5-1.1.1,Mətni dinləyərkən açar sözlərin qeyd edilməsi.,2026-03-17 19:59:43.623487,2,məlumat alma,anlamaq,Az_dili_V_1.1.1
179,5,Dinləmə və danışma,1.1,"Dinləyib-anlama: Dinlədiyi məlumatı anlayır, izah edir və münasibət bildirir.",5-1.1.2,"Dinlədiyi mətni mövzu, məzmun, struktur və ideya baxımından şərh edir və obraz, fakt və fikirlərə münasibət bildirir.",2026-03-17 19:59:43.623487,3,şərh etmə,təhlil etmək,Az_dili_V_1.1.2
180,5,Dinləmə və danışma,1.1,"Dinləyib-anlama: Dinlədiyi məlumatı anlayır, izah edir və münasibət bildirir.",5-1.1.3,Dinlədiyi mətndəki obrazlara münasibətini əsaslandırır.,2026-03-17 19:59:43.623487,3,qiymətləndirmə,qiymətləndirmək,Az_dili_V_1.1.3
181,5,Dinləmə və danışma,1.2,Dialoji nitq: Müzakirə və dialoqlarda dinlədiyi fikirlərə adekvat reaksiya verir.,5-1.2.1,Mövzu üzrə araşdırdığı məlumatlar və tərtib etdiyi suallar əsasında dialoq qurur.,2026-03-17 19:59:43.623487,3,inteqrasiya,tətbiq etmək,Az_dili_V_1.2.1
182,5,Dinləmə və danışma,1.2,Dialoji nitq: Müzakirə və dialoqlarda dinlədiyi fikirlərə adekvat reaksiya verir.,5-1.2.2,"Müzakirə və debatlarda mövzu ilə bağlı mülahizələrini söyləyir, mühakimə yürüdür, başqalarının fikirlərinə münasibət bildirir.",2026-03-17 19:59:43.623487,3,qiymətləndirmə,qiymətləndirmək,Az_dili_V_1.2.2
183,5,Dinləmə və danışma,1.3,Rabitəli nitq: Hər hansı mövzuda danışarkən rabitəli nitq nümayiş etdirir.,5-1.3.1,Tərtib etdiyi plan əsasında oxuduğu və dinlədiyi mətnləri nəql edir.,2026-03-17 19:59:43.623487,2,birbaşa anlama,tətbiq etmək,Az_dili_V_1.3.1
184,5,Dinləmə və danışma,1.3,Rabitəli nitq: Hər hansı mövzuda danışarkən rabitəli nitq nümayiş etdirir.,5-1.3.2,Əldə etdiyi məlumatları rabitəli şəkildə təqdim edir.,2026-03-17 19:59:43.623487,2,inteqrasiya,tətbiq etmək,Az_dili_V_1.3.2
185,5,Dinləmə və danışma,1.4,Ədəbi dilin normaları və ekspressiv nitq: Danışarkən ədəbi dilin normalarına əməl edir və ekspressiv nitq nümayiş etdirir.,5-1.4.1,Şifahi nitqində orfoepiya normalarına riayət edir.,2026-03-17 19:59:43.623487,2,birbaşa anlama,tətbiq etmək,Az_dili_V_1.4.1
186,5,Dinləmə və danışma,1.4,Ədəbi dilin normaları və ekspressiv nitq: Danışarkən ədəbi dilin normalarına əməl edir və ekspressiv nitq nümayiş etdirir.,5-1.4.2,Danışarkən məzmuna uyğun intonasiyadan istifadə edir.,2026-03-17 19:59:43.623487,2,birbaşa anlama,tətbiq etmək,Az_dili_V_1.4.2
187,5,Oxu,2.1,Faktoloji qavrama: Mətndə açıq şəkildə ifadə olunmuş informasiyanı mənimsədiyini nümayiş etdirir.,5-2.1.1,Bədii və qeyri-bədii mətnləri oxuyarkən müvafiq səs tonu seçir.,2026-03-17 19:59:43.623487,2,birbaşa anlama,tətbiq etmək,Az_dili_V_2.1.1
188,5,Oxu,2.1,Faktoloji qavrama: Mətndə açıq şəkildə ifadə olunmuş informasiyanı mənimsədiyini nümayiş etdirir.,5-2.1.2,Mətndə açıq şəkildə ifadə olunmuş məlumatları müəyyənləşdirir.,2026-03-17 19:59:43.623487,2,məlumat alma,anlamaq,Az_dili_V_2.1.2
189,5,Oxu,2.1,Faktoloji qavrama: Mətndə açıq şəkildə ifadə olunmuş informasiyanı mənimsədiyini nümayiş etdirir.,5-2.1.3,Kontekstdən çıxış edərək mətndə tanış olmayan sözün mənasını müəyyən edir.,2026-03-17 19:59:43.623487,2,şərh etmə,anlamaq,Az_dili_V_2.1.3
190,5,Oxu,2.2,Şərhetmə və əlaqələndirmə: Mətndə açıq şəkildə ifadə olunmayan informasiya haqqında fikir yürüdür.,5-2.2.1,"Mətndə fikirləri, faktlar və hadisələr arasındakı əlaqəni müəyyən edir.",2026-03-17 19:59:43.623487,3,şərh etmə,təhlil etmək,Az_dili_V_2.2.1
191,5,Oxu,2.2,Şərhetmə və əlaqələndirmə: Mətndə açıq şəkildə ifadə olunmayan informasiya haqqında fikir yürüdür.,5-2.2.2,Mətndəki məlumatlardan çıxış edərək sətiraltı fikir və informasiyanı müəyyən edir.,2026-03-17 19:59:43.623487,3,şərh etmə,təhlil etmək,Az_dili_V_2.2.2
192,5,Oxu,2.3,Tənqidi təfəkkür və yaradıcı yanaşma: Mətndəki fakt və hadisələrə bağlı şəxsi münasibətini ifadə edir.,5-2.3.1,Mətndəki hadisələr və obrazların davranışına əsasən fikirlərin müəyyənləşdirilməsi.,2026-03-17 19:59:43.623487,3,şərh etmə,təhlil etmək,Az_dili_V_2.3.1
193,5,Oxu,2.3,Tənqidi təfəkkür və yaradıcı yanaşma: Mətndəki fakt və hadisələrə bağlı şəxsi münasibətini ifadə edir.,5-2.3.2,Mətndəki müəllif mövqeyinin faktdan fərqləndirilməsi.,2026-03-17 19:59:43.623487,3,qiymətləndirmə,təhlil etmək,Az_dili_V_2.3.2
194,5,Oxu,2.3,Tənqidi təfəkkür və yaradıcı yanaşma: Mətndəki fakt və hadisələrə bağlı şəxsi münasibətini ifadə edir.,5-2.3.3,Mətnin tərkib hissələrini və struktur elementlərini müəyyən edir.,2026-03-17 19:59:43.623487,2,şərh etmə,anlamaq,Az_dili_V_2.3.3
195,5,Oxu,2.3,Tənqidi təfəkkür və yaradıcı yanaşma: Mətndəki fakt və hadisələrə bağlı şəxsi münasibətini ifadə edir.,5-2.3.4,Mətni dil-üslub xüsusiyyətlərinə görə təhlil edir.,2026-03-17 19:59:43.623487,3,şərh etmə,təhlil etmək,Az_dili_V_2.3.4
196,5,Oxu,2.3,Tənqidi təfəkkür və yaradıcı yanaşma: Mətndəki fakt və hadisələrə bağlı şəxsi münasibətini ifadə edir.,5-2.3.5,Oxuduğu mətni mövzu və ideya baxımından digər mətnlərlə müqayisə edir.,2026-03-17 19:59:43.623487,3,qiymətləndirmə,təhlil etmək,Az_dili_V_2.3.5
197,5,Oxu,2.3,Tənqidi təfəkkür və yaradıcı yanaşma: Mətndəki fakt və hadisələrə bağlı şəxsi münasibətini ifadə edir.,5-2.3.6,Mətnin məzmunu ilə bağlı şəxsi mövqeyini ifadə edir.,2026-03-17 19:59:43.623487,3,qiymətləndirmə,qiymətləndirmək,Az_dili_V_2.3.6
198,5,Yazı,3.1,Yazı normaları: Yazısında ədəbi dilin normalarına və mətnin struktur tələblərinə riayət edir.,5-3.1.1,Yazısında məlumatları mətnin abzas və hissələri üzrə strukturlaşdırır.,2026-03-17 19:59:43.623487,2,birbaşa anlama,tətbiq etmək,Az_dili_V_3.1.1
199,5,Yazı,3.1,Yazı normaları: Yazısında ədəbi dilin normalarına və mətnin struktur tələblərinə riayət edir.,5-3.1.2,Yazısında ədəbi dilin normalarına riayət edir.,2026-03-17 19:59:43.623487,2,birbaşa anlama,tətbiq etmək,Az_dili_V_3.1.2
200,5,Yazı,3.2,Yazı məqsədləri və tipləri: Məqsədə uyğun olaraq müxtəlif tipli mətnlər yazır.,5-3.2.1,Tanış olduğu məlumatlar əsasında qeyri-bədii mətn yazır.,2026-03-17 19:59:43.623487,2,inteqrasiya,tətbiq etmək,Az_dili_V_3.2.1
201,5,Yazı,3.2,Yazı məqsədləri və tipləri: Məqsədə uyğun olaraq müxtəlif tipli mətnlər yazır.,5-3.2.2,"Fakt, hadisə, təxəyyül və təəssüratları əsasında mətn yazır.",2026-03-17 19:59:43.623487,3,qiymətləndirmə,yaratmaq,Az_dili_V_3.2.2
202,5,Yazı,3.2,Yazı məqsədləri və tipləri: Məqsədə uyğun olaraq müxtəlif tipli mətnlər yazır.,5-3.2.3,Məqsədə uyğun olaraq sadə əməli yazılar tərtib edir.,2026-03-17 19:59:43.623487,2,birbaşa anlama,tətbiq etmək,Az_dili_V_3.2.3
203,5,Yazı,3.2,Yazı məqsədləri və tipləri: Məqsədə uyğun olaraq müxtəlif tipli mətnlər yazır.,5-3.2.4,Əldə etdiyi məlumatlar əsasında sadə təqdimat materialı hazırlayır.,2026-03-17 19:59:43.623487,2,inteqrasiya,tətbiq etmək,Az_dili_V_3.2.4
204,6,Dil qaydaları,4.1,Orfoqrafiya və orfoepiya: Dilin fonetik qanunauyğunluqlarını izah edir və nitqində onlardan istifadə edir.,6-4.1.1,Sözlərdə kar və cingiltili samitlərin deyilişi və yazılışı qaydalarına əməl edir.,2026-03-17 19:59:43.623487,3,birbaşa anlama,tətbiq etmək,Az_dili_VI_4.1.1
205,6,Dil qaydaları,4.1,Orfoqrafiya və orfoepiya: Dilin fonetik qanunauyğunluqlarını izah edir və nitqində onlardan istifadə edir.,6-4.1.2,Səsdüşümü və səsartımı baş verən sözlərdə orfoqrafiya və orfoepiya qaydalarına əməl edir.,2026-03-17 19:59:43.623487,3,birbaşa anlama,tətbiq etmək,Az_dili_VI_4.1.2
206,6,Dil qaydaları,4.1,Orfoqrafiya və orfoepiya: Dilin fonetik qanunauyğunluqlarını izah edir və nitqində onlardan istifadə edir.,6-4.1.3,Mürəkkəb adların böyük hərflə yazılışı qaydalarına əməl edir.,2026-03-17 19:59:43.623487,3,birbaşa anlama,tətbiq etmək,Az_dili_VI_4.1.3
207,6,Dil qaydaları,4.1,Orfoqrafiya və orfoepiya: Dilin fonetik qanunauyğunluqlarını izah edir və nitqində onlardan istifadə edir.,6-4.1.4,"""L"" samiti ilə başlanan şəkilçilərin tələffüz qaydalarına riayət edir.",2026-03-17 19:59:43.623487,3,birbaşa anlama,tətbiq etmək,Az_dili_VI_4.1.4
208,6,Dil qaydaları,4.1,Orfoqrafiya və orfoepiya: Dilin fonetik qanunauyğunluqlarını izah edir və nitqində onlardan istifadə edir.,6-4.1.5,Xəbər vəzifəsində olan sözlərin deyilişi və yazılışı qaydalarına əməl edir.,2026-03-17 19:59:43.623487,3,birbaşa anlama,tətbiq etmək,Az_dili_VI_4.1.5
209,6,Dil qaydaları,4.1,Orfoqrafiya və orfoepiya: Dilin fonetik qanunauyğunluqlarını izah edir və nitqində onlardan istifadə edir.,6-4.1.6,Sözlərdə bəzi şəkilçi və morfemlərin yazılışı ilə bağlı qaydalara əməl edir.,2026-03-17 19:59:43.623487,3,birbaşa anlama,tətbiq etmək,Az_dili_VI_4.1.6
210,6,Dil qaydaları,4.1,Orfoqrafiya və orfoepiya: Dilin fonetik qanunauyğunluqlarını izah edir və nitqində onlardan istifadə edir.,6-4.1.7,Sözlərin təkrarından yaranan mürəkkəb sözlərin yazılışı qaydalarına əməl edir.,2026-03-17 19:59:43.623487,3,birbaşa anlama,tətbiq etmək,Az_dili_VI_4.1.7
211,6,Dil qaydaları,4.1,Orfoqrafiya və orfoepiya: Dilin fonetik qanunauyğunluqlarını izah edir və nitqində onlardan istifadə edir.,6-4.1.8,Bəzi köməkçi nitq hissələrinin bitişik və ayrı yazılış qaydalarına riayət edir.,2026-03-17 19:59:43.623487,3,birbaşa anlama,tətbiq etmək,Az_dili_VI_4.1.8
212,6,Dil qaydaları,4.2,Qrammatika: Nitq hissələrinin morfoloji tərkibini və semantik mənasını izah edir.,6-4.2.1,Kontekstdən çıxış edərək əsas nitq hissələrinin morfoloji tərkibini və semantik mənasını izah edir.,2026-03-17 19:59:43.623487,3,şərh etmə,anlamaq,Az_dili_VI_4.2.1
213,6,Dil qaydaları,4.2,Qrammatika: Nitq hissələrinin morfoloji tərkibini və semantik mənasını izah edir.,6-4.2.2,Köməkçi nitq hissələrinin semantik mənalarını və cümlədə funksiyasını müəyyən edir.,2026-03-17 19:59:43.623487,3,şərh etmə,anlamaq,Az_dili_VI_4.2.2
214,6,Dil qaydaları,4.2,Qrammatika: Nitq hissələrinin morfoloji tərkibini və semantik mənasını izah edir.,6-4.2.3,İsmi və feili birləşmələrin növlərini və yaranma yollarını müəyyən edir.,2026-03-17 19:59:43.623487,3,şərh etmə,anlamaq,Az_dili_VI_4.2.3
215,6,Dil qaydaları,4.2,Qrammatika: Nitq hissələrinin morfoloji tərkibini və semantik mənasını izah edir.,6-4.2.4,Cümlədəki fikrin ifadə olunmasında baş və ikincidərəcəli üzvlərin rolunu müəyyən edir.,2026-03-17 19:59:43.623487,3,şərh etmə,təhlil etmək,Az_dili_VI_4.2.4
216,6,Dil qaydaları,4.2,Qrammatika: Nitq hissələrinin morfoloji tərkibini və semantik mənasını izah edir.,6-4.2.5,Cümlədə söz sırasını müəyyən edir.,2026-03-17 19:59:43.623487,3,məlumat alma,anlamaq,Az_dili_VI_4.2.5
217,6,Dil qaydaları,4.3,Punktuasiya: Yazıda punktuasiya qaydalarına əməl edir.,6-4.3.1,Bağlayıcılardan əvvəl və sonra vergül işarəsindən yerində istifadə edir.,2026-03-17 19:59:43.623487,3,birbaşa anlama,tətbiq etmək,Az_dili_VI_4.3.1
218,6,Dil qaydaları,4.3,Punktuasiya: Yazıda punktuasiya qaydalarına əməl edir.,6-4.3.2,"O, bu əvəzliyindən sonra vergül işarəsindən yerində istifadə edir.",2026-03-17 19:59:43.623487,3,birbaşa anlama,tətbiq etmək,Az_dili_VI_4.3.2
219,6,Dil qaydaları,4.4,Leksika: Sözlərin mənalarını anladığını nümayiş etdirir.,6-4.4.1,Sözün morfoloji tərkibindən çıxış edərək mənasını müəyyənləşdirir və lüğət vasitəsilə dəqiqləşdirir.,2026-03-17 19:59:43.623487,3,şərh etmə,anlamaq,Az_dili_VI_4.4.1
220,6,Dil qaydaları,4.4,Leksika: Sözlərin mənalarını anladığını nümayiş etdirir.,6-4.4.2,"Sözü izah edərkən hiperonim, sinonim və antonimlər istifadə edir.",2026-03-17 19:59:43.623487,3,şərh etmə,tətbiq etmək,Az_dili_VI_4.4.2
221,6,Dil qaydaları,4.4,Leksika: Sözlərin mənalarını anladığını nümayiş etdirir.,6-4.4.3,Bədii mətnlərdə sadə məcazları və üslubi fiqurları müəyyən edir.,2026-03-17 19:59:43.623487,3,şərh etmə,təhlil etmək,Az_dili_VI_4.4.3
222,6,Dinləmə və danışma,1.1,"Dinləyib-anlama: Dinlədiyi məlumatı anlayır, izah edir və münasibət bildirir.",6-1.1.1,Mətni dinləyərkən əsas fakt və fikirləri qeyd edir.,2026-03-17 19:59:43.623487,2,məlumat alma,anlamaq,Az_dili_VI_1.1.1
223,6,Dinləmə və danışma,1.1,"Dinləyib-anlama: Dinlədiyi məlumatı anlayır, izah edir və münasibət bildirir.",6-1.1.2,Dinlədiyi mətndəki əsas fikri dəstəkləyən faktları müəyyənləşdirir.,2026-03-17 19:59:43.623487,3,şərh etmə,təhlil etmək,Az_dili_VI_1.1.2
224,6,Dinləmə və danışma,1.1,"Dinləyib-anlama: Dinlədiyi məlumatı anlayır, izah edir və münasibət bildirir.",6-1.1.3,Dinlədiyi mətndə hadisə və fikirlərə münasibətini əsaslandırır.,2026-03-17 19:59:43.623487,3,qiymətləndirmə,qiymətləndirmək,Az_dili_VI_1.1.3
225,6,Dinləmə və danışma,1.2,Dialoji nitq: Müzakirə və dialoqlarda dinlədiyi fikirlərə adekvat reaksiya verir.,6-1.2.1,Müzakirə və debatlarda tolerantlıq nümayiş etdirir.,2026-03-17 19:59:43.623487,3,qiymətləndirmə,tətbiq etmək,Az_dili_VI_1.2.1
226,6,Dinləmə və danışma,1.2,Dialoji nitq: Müzakirə və dialoqlarda dinlədiyi fikirlərə adekvat reaksiya verir.,6-1.2.2,Müzakirə zamanı danışanın fikrini verdiyi suallar əsasında aydınlaşdırır və rəy bildirir.,2026-03-17 19:59:43.623487,3,şərh etmə,anlamaq,Az_dili_VI_1.2.2
227,6,Dinləmə və danışma,1.3,Rabitəli nitq: Hər hansı mövzuda danışarkən rabitəli nitq nümayiş etdirir.,6-1.3.1,Verilmiş mövzuya və ya situasiyaya uyğun mətn qurub nəql edir.,2026-03-17 19:59:43.623487,3,inteqrasiya,tətbiq etmək,Az_dili_VI_1.3.1
228,6,Dinləmə və danışma,1.3,Rabitəli nitq: Hər hansı mövzuda danışarkən rabitəli nitq nümayiş etdirir.,6-1.3.2,Mövzu üzrə hazırladığı qrafik və ya verbal-qrafik informasiyanı rabitəli şəkildə şifahi təqdim edir.,2026-03-17 19:59:43.623487,3,inteqrasiya,tətbiq etmək,Az_dili_VI_1.3.2
229,6,Dinləmə və danışma,1.4,Ədəbi dilin normaları və ekspressiv nitq: Danışarkən ədəbi dilin normalarına əməl edir və ekspressiv nitq nümayiş etdirir.,6-1.4.1,Şifahi nitqində yeni öyrəndiyi akademik sözlərdən və frazeoloji ifadələrdən kontekstə uyğun istifadə edir.,2026-03-17 19:59:43.623487,3,birbaşa anlama,tətbiq etmək,Az_dili_VI_1.4.1
230,6,Dinləmə və danışma,1.4,Ədəbi dilin normaları və ekspressiv nitq: Danışarkən ədəbi dilin normalarına əməl edir və ekspressiv nitq nümayiş etdirir.,6-1.4.2,"Danışarkən səs tonunu tənzimləyir, pauza və məntiqi vurğudan istifadə edir.",2026-03-17 19:59:43.623487,3,birbaşa anlama,tətbiq etmək,Az_dili_VI_1.4.2
231,6,Oxu,2.1,Faktoloji qavrama: Mətndə açıq şəkildə ifadə olunmuş informasiyanı mənimsədiyini nümayiş etdirir.,6-2.1.1,Mətni oxuyarkən obrazların nitqini onların xarakterinə və emosional vəziyyətinə uyğun səsləndirilməsi.,2026-03-17 19:59:43.623487,3,birbaşa anlama,tətbiq etmək,Az_dili_VI_2.1.1
232,6,Oxu,2.1,Faktoloji qavrama: Mətndə açıq şəkildə ifadə olunmuş informasiyanı mənimsədiyini nümayiş etdirir.,6-2.1.2,Mətndəki fakt və hadisələrin ardıcıllığını müəyyənləşdirir.,2026-03-17 19:59:43.623487,2,məlumat alma,anlamaq,Az_dili_VI_2.1.2
233,6,Oxu,2.1,Faktoloji qavrama: Mətndə açıq şəkildə ifadə olunmuş informasiyanı mənimsədiyini nümayiş etdirir.,6-2.1.3,Kontekstdən çıxış edərək mətndə tanış olmayan sözün mənasını müəyyən edir.,2026-03-17 19:59:43.623487,3,şərh etmə,anlamaq,Az_dili_VI_2.1.3
234,6,Oxu,2.2,Şərhetmə və əlaqələndirmə: Mətndə açıq şəkildə ifadə olunmayan informasiya haqqında fikir yürüdür.,6-2.2.1,"Mətndə fikirləri, faktlar və hadisələr arasındakı əlaqəni müəyyən edir.",2026-03-17 19:59:43.623487,3,şərh etmə,təhlil etmək,Az_dili_VI_2.2.1
235,6,Oxu,2.2,Şərhetmə və əlaqələndirmə: Mətndə açıq şəkildə ifadə olunmayan informasiya haqqında fikir yürüdür.,6-2.2.2,Mətndə açıq şəkildə ifadə olunmayan şəkildə fikirləri digər fikirlərdən fərqləndirir.,2026-03-17 19:59:43.623487,3,şərh etmə,təhlil etmək,Az_dili_VI_2.2.2
236,6,Oxu,2.3,Tənqidi təfəkkür və yaradıcı yanaşma: Mətndəki fakt və hadisələrə bağlı şəxsi münasibətini ifadə edir.,6-2.3.1,Mətndən əsas fikri müəyyənləşdirməyə kömək edən məqamları seçərək izah edir.,2026-03-17 19:59:43.623487,3,şərh etmə,təhlil etmək,Az_dili_VI_2.3.1
237,6,Oxu,2.3,Tənqidi təfəkkür və yaradıcı yanaşma: Mətndəki fakt və hadisələrə bağlı şəxsi münasibətini ifadə edir.,6-2.3.2,Mətndəki fikirlərin əsaslandırılmasında faktların rolunu izah edir.,2026-03-17 19:59:43.623487,3,şərh etmə,təhlil etmək,Az_dili_VI_2.3.2
238,6,Oxu,2.3,Tənqidi təfəkkür və yaradıcı yanaşma: Mətndəki fakt və hadisələrə bağlı şəxsi münasibətini ifadə edir.,6-2.3.3,Mətnin tərkib hissələrini və struktur elementlərini onun məzmunu ilə əlaqəli şərh edir.,2026-03-17 19:59:43.623487,3,şərh etmə,təhlil etmək,Az_dili_VI_2.3.3
239,6,Oxu,2.3,Tənqidi təfəkkür və yaradıcı yanaşma: Mətndəki fakt və hadisələrə bağlı şəxsi münasibətini ifadə edir.,6-2.3.4,Mətni dil-üslub xüsusiyyətlərinə görə təhlil edir.,2026-03-17 19:59:43.623487,3,şərh etmə,təhlil etmək,Az_dili_VI_2.3.4
240,6,Oxu,2.3,Tənqidi təfəkkür və yaradıcı yanaşma: Mətndəki fakt və hadisələrə bağlı şəxsi münasibətini ifadə edir.,6-2.3.5,"Müxtəlif mətnləri mövzu, məzmun-struktur, ideya baxımından müqayisə edir.",2026-03-17 19:59:43.623487,3,qiymətləndirmə,təhlil etmək,Az_dili_VI_2.3.5
241,6,Oxu,2.3,Tənqidi təfəkkür və yaradıcı yanaşma: Mətndəki fakt və hadisələrə bağlı şəxsi münasibətini ifadə edir.,6-2.3.6,"Mətndəki fakt, hadisə və obrazlarla bağlı şəxsi mövqeyini bildirir.",2026-03-17 19:59:43.623487,3,qiymətləndirmə,qiymətləndirmək,Az_dili_VI_2.3.6
242,6,Yazı,3.1,Yazı normaları: Yazısında ədəbi dilin normalarına və mətnin struktur tələblərinə riayət edir.,6-3.1.1,Mətn yazarkən bədii və qeyri-bədii mətnlərin struktur elementləri arasındakı fərqin izahı.,2026-03-17 19:59:43.623487,3,şərh etmə,anlamaq,Az_dili_VI_3.1.1
243,6,Yazı,3.1,Yazı normaları: Yazısında ədəbi dilin normalarına və mətnin struktur tələblərinə riayət edir.,6-3.1.2,Yazısında ədəbi dilin normalarına riayət edir.,2026-03-17 19:59:43.623487,3,birbaşa anlama,tətbiq etmək,Az_dili_VI_3.1.2
244,6,Yazı,3.2,Yazı məqsədləri və tipləri: Məqsədə uyğun olaraq müxtəlif tipli mətnlər yazır.,6-3.2.1,Araşdırdığı mənbələrdən istifadə etməklə qeyri-bədii mətnlər yazır.,2026-03-17 19:59:43.623487,3,inteqrasiya,tətbiq etmək,Az_dili_VI_3.2.1
245,6,Yazı,3.2,Yazı məqsədləri və tipləri: Məqsədə uyğun olaraq müxtəlif tipli mətnlər yazır.,6-3.2.2,Tənqidi və yaradıcı təfəkkür nümayiş etdirməklə bədii və qeyri-bədii mətnlər yazır.,2026-03-17 19:59:43.623487,3,qiymətləndirmə,yaratmaq,Az_dili_VI_3.2.2
246,6,Yazı,3.2,Yazı məqsədləri və tipləri: Məqsədə uyğun olaraq müxtəlif tipli mətnlər yazır.,6-3.2.3,Sadə direktiv xarakterli mətnlər tertib edir.,2026-03-17 19:59:43.623487,3,birbaşa anlama,tətbiq etmək,Az_dili_VI_3.2.3
247,6,Yazı,3.2,Yazı məqsədləri və tipləri: Məqsədə uyğun olaraq müxtəlif tipli mətnlər yazır.,6-3.2.4,Bir neçə mənbədən istifadə etməklə apardığı araşdırma layihəsinin nəticələrini tezislər şəklində təqdim edir.,2026-03-17 19:59:43.623487,3,inteqrasiya,yaratmaq,Az_dili_VI_3.2.4
248,7,Dil qaydaları,4.1,Orfoqrafiya və orfoepiya: Dilin fonetik qanunauyğunluqlarını izah edir və nitqində onlardan istifadə edir.,7-4.1.1,Vurğusu dəyişməklə mənası dəyişən sözlərin tələffüzünün fərqləndirilməsi.,2026-03-17 19:59:43.623487,3,şərh etmə,anlamaq,Az_dili_VII_4.1.1
249,7,Dil qaydaları,4.1,Orfoqrafiya və orfoepiya: Dilin fonetik qanunauyğunluqlarını izah edir və nitqində onlardan istifadə edir.,7-4.1.2,Mürəkkəb adların böyük hərflə yazılışı qaydalarına riayət edir.,2026-03-17 19:59:43.623487,3,birbaşa anlama,tətbiq etmək,Az_dili_VII_4.1.2
250,7,Dil qaydaları,4.1,Orfoqrafiya və orfoepiya: Dilin fonetik qanunauyğunluqlarını izah edir və nitqində onlardan istifadə edir.,7-4.1.3,Bəzi sözlərin hal şəkilçiləri qəbul edərkən deyilişi və yazılışı arasında yaranan fərqi izah edir.,2026-03-17 19:59:43.623487,3,şərh etmə,anlamaq,Az_dili_VII_4.1.3
251,7,Dil qaydaları,4.1,Orfoqrafiya və orfoepiya: Dilin fonetik qanunauyğunluqlarını izah edir və nitqində onlardan istifadə edir.,7-4.1.4,Sinonim və hiponimlərin birləşməsindən əmələ gələn mürəkkəb sözlərin yazılışı qaydalarına əməl edir.,2026-03-17 19:59:43.623487,3,birbaşa anlama,tətbiq etmək,Az_dili_VII_4.1.4
252,7,Dil qaydaları,4.1,Orfoqrafiya və orfoepiya: Dilin fonetik qanunauyğunluqlarını izah edir və nitqində onlardan istifadə edir.,7-4.1.5,Bəzi köməkçi nitq hissələrinin bitişik və ayrı yazılış qaydalarına riayət edir.,2026-03-17 19:59:43.623487,3,birbaşa anlama,tətbiq etmək,Az_dili_VII_4.1.5
253,7,Dil qaydaları,4.2,Qrammatika: Nitq hissələrinin morfoloji tərkibini və semantik mənasını izah edir.,7-4.2.1,Kontekstdən çıxış edərək əsas nitq hissələrinin morfoloji tərkibini və semantik mənasını izah edir.,2026-03-17 19:59:43.623487,3,şərh etmə,anlamaq,Az_dili_VII_4.2.1
254,7,Dil qaydaları,4.2,Qrammatika: Nitq hissələrinin morfoloji tərkibini və semantik mənasını izah edir.,7-4.2.2,Köməkçi nitq hissələrinin semantik məna növlərinin fərqləndirilməsi.,2026-03-17 19:59:43.623487,3,şərh etmə,anlamaq,Az_dili_VII_4.2.2
255,7,Dil qaydaları,4.2,Qrammatika: Nitq hissələrinin morfoloji tərkibini və semantik mənasını izah edir.,7-4.2.3,Cümlədə söz birləşmələrini və onların sintaktik funksiyasını müəyyən edir.,2026-03-17 19:59:43.623487,3,şərh etmə,təhlil etmək,Az_dili_VII_4.2.3
256,7,Dil qaydaları,4.2,Qrammatika: Nitq hissələrinin morfoloji tərkibini və semantik mənasını izah edir.,7-4.2.4,"Cümlədəki fikrin ifadə olunmasında cümlə üzvlərinin, qrammatik bağlı olmayan sözlərin rolunu müəyyən edir.",2026-03-17 19:59:43.623487,4,şərh etmə,təhlil etmək,Az_dili_VII_4.2.4
257,7,Dil qaydaları,4.2,Qrammatika: Nitq hissələrinin morfoloji tərkibini və semantik mənasını izah edir.,7-4.2.5,Sual və nida cümlələrinin yaranma yollarını müəyyən edir.,2026-03-17 19:59:43.623487,3,şərh etmə,anlamaq,Az_dili_VII_4.2.5
258,7,Dil qaydaları,4.3,Punktuasiya: Yazıda punktuasiya qaydalarına əməl edir.,7-4.3.1,Xitab və ara sözlərdə durğu işarələrindən yerində istifadə edir.,2026-03-17 19:59:43.623487,3,birbaşa anlama,tətbiq etmək,Az_dili_VII_4.3.1
259,7,Dil qaydaları,4.3,Punktuasiya: Yazıda punktuasiya qaydalarına əməl edir.,7-4.3.2,Həmcins cümlə üzvlərində vergül işarəsindən yerində istifadə edir.,2026-03-17 19:59:43.623487,3,birbaşa anlama,tətbiq etmək,Az_dili_VII_4.3.2
260,7,Dil qaydaları,4.4,Leksika: Sözlərin mənalarını anladığını nümayiş etdirir.,7-4.4.1,Sözün morfoloji tərkibindən çıxış edərək mənasını müəyyənləşdirir və lüğət vasitəsilə dəqiqləşdirir.,2026-03-17 19:59:43.623487,3,şərh etmə,anlamaq,Az_dili_VII_4.4.1
261,7,Dil qaydaları,4.4,Leksika: Sözlərin mənalarını anladığını nümayiş etdirir.,7-4.4.2,"Sözü izah etmək üçün anlayışın xüsusiyyətlərini sadalayır, hiperonim, sinonim və antonimlerdən istifadə edir.",2026-03-17 19:59:43.623487,3,şərh etmə,tətbiq etmək,Az_dili_VII_4.4.2
262,7,Dil qaydaları,4.4,Leksika: Sözlərin mənalarını anladığını nümayiş etdirir.,7-4.4.3,Bədii mətnlərdə sadə məcazları və üslubi fiqurları müəyyən edir.,2026-03-17 19:59:43.623487,4,şərh etmə,təhlil etmək,Az_dili_VII_4.4.3
263,7,Dinləmə və danışma,1.1,Dinləyib-qavrama: Dinlədiyi məlumatı qavrayır və şərh edir.,7-1.1.1,Dinlədiyi mətnin planını götürdüyü qeydləri yarımbaşlıqlar üzrə qruplaşdırır.,2026-03-17 19:59:43.623487,3,məlumat alma,təhlil etmək,Az_dili_VII_1.1.1
264,7,Dinləmə və danışma,1.1,Dinləyib-qavrama: Dinlədiyi məlumatı qavrayır və şərh edir.,7-1.1.2,Dinlədiyi mətndəki fakt və fikirləri ümumi müəyyənləşdirir.,2026-03-17 19:59:43.623487,3,şərh etmə,təhlil etmək,Az_dili_VII_1.1.2
265,7,Dinləmə və danışma,1.1,Dinləyib-qavrama: Dinlədiyi məlumatı qavrayır və şərh edir.,7-1.1.3,Digər fənlər üzrə əldə etdiyi məlumatlardan bilgilərlə müqayisə edilməsi.,2026-03-17 19:59:43.623487,3,inteqrasiya,təhlil etmək,Az_dili_VII_1.1.3
266,7,Dinləmə və danışma,1.2,Dialoji nitq: Müzakirə və debatlarda iştirak edir.,7-1.2.1,Müzakirə və debatlarda təyin olunmuş formata əməl edir.,2026-03-17 19:59:43.623487,3,birbaşa anlama,tətbiq etmək,Az_dili_VII_1.2.1
267,7,Dinləmə və danışma,1.2,Dialoji nitq: Müzakirə və debatlarda iştirak edir.,7-1.2.2,Müzakirə və debatlarda qarşı tərəfin fikrinə münasibətini ifadə etmək üçün arqument və əks-arqumentlər gətirir.,2026-03-17 19:59:43.623487,3,qiymətləndirmə,qiymətləndirmək,Az_dili_VII_1.2.2
268,7,Dinləmə və danışma,1.3,Rabitəli nitq: Hər hansı mövzuda danışarkən rabitəli nitq nümayiş etdirir.,7-1.3.1,Şəkil və qrafik informasiya üzrə mətn qurub nəql edir.,2026-03-17 19:59:43.623487,3,inteqrasiya,tətbiq etmək,Az_dili_VII_1.3.1
269,7,Dinləmə və danışma,1.3,Rabitəli nitq: Hər hansı mövzuda danışarkən rabitəli nitq nümayiş etdirir.,7-1.3.2,"Mövzu üzrə əldə edilən məlumatları açar sözlər, tezislər şəklində qeyd etmək və onların əsasında mətn qurub danışmaq.",2026-03-17 19:59:43.623487,3,inteqrasiya,tətbiq etmək,Az_dili_VII_1.3.2
270,7,Dinləmə və danışma,1.4,Ədəbi dilin normaları və ekspressiv nitq: Danışarkən ədəbi dilin normalarına əməl edir və ekspressiv nitq nümayiş etdirir.,7-1.4.1,Müzakirə və debatlarda çıxışı zamanı uyğun standart ifadələrdən və ara sözlərdən istifadə edir.,2026-03-17 19:59:43.623487,3,birbaşa anlama,tətbiq etmək,Az_dili_VII_1.4.1
271,7,Dinləmə və danışma,1.4,Ədəbi dilin normaları və ekspressiv nitq: Danışarkən ədəbi dilin normalarına əməl edir və ekspressiv nitq nümayiş etdirir.,7-1.4.2,"Danışarkən məzmuna uyğun intonasiya, jest və mimikadan istifadə edir.",2026-03-17 19:59:43.623487,3,birbaşa anlama,tətbiq etmək,Az_dili_VII_1.4.2
272,7,Oxu,2.1,Faktoloji qavrama: Mətndə açıq şəkildə ifadə olunmuş informasiyanı mənimsədiyini nümayiş etdirir.,7-2.1.1,Qeyd götürməklə mətndəki əsas və ikincidərəcəli faktları müəyyən edir.,2026-03-17 19:59:43.623487,3,məlumat alma,təhlil etmək,Az_dili_VII_2.1.1
273,7,Oxu,2.1,Faktoloji qavrama: Mətndə açıq şəkildə ifadə olunmuş informasiyanı mənimsədiyini nümayiş etdirir.,7-2.1.2,"Kontekstdən (söz birləşməsi, cümlə, abzas, mətn) çıxış edərək tanış olmayan sözün mənasını müəyyən edir.",2026-03-17 19:59:43.623487,3,şərh etmə,anlamaq,Az_dili_VII_2.1.2
274,7,Oxu,2.2,Şərhetmə və əlaqələndirmə: Mətndə açıq şəkildə ifadə olunmayan informasiya haqqında fikir yürüdür.,7-2.2.1,Mətnin ideyasının açılmasında obrazların və əsas epizodun rolunu müəyyən edir.,2026-03-17 19:59:43.623487,3,şərh etmə,təhlil etmək,Az_dili_VII_2.2.1
275,7,Oxu,2.2,Şərhetmə və əlaqələndirmə: Mətndə açıq şəkildə ifadə olunmayan informasiya haqqında fikir yürüdür.,7-2.2.2,Mətndəki hadisə və faktları əlaqələndirərək açıq şəkildə ifadə olunmamış informasiyanın əldə edilməsi.,2026-03-17 19:59:43.623487,4,şərh etmə,təhlil etmək,Az_dili_VII_2.2.2
276,7,Oxu,2.3,Tənqidi təfəkkür və yaradıcı yanaşma: Mətndəki fakt və hadisələrə bağlı şəxsi münasibətini ifadə edir.,7-2.3.1,Mətnin ideyasının açılmasında xarakterlərin rolunu izah edir.,2026-03-17 19:59:43.623487,3,şərh etmə,təhlil etmək,Az_dili_VII_2.3.1
277,7,Oxu,2.3,Tənqidi təfəkkür və yaradıcı yanaşma: Mətndəki fakt və hadisələrə bağlı şəxsi münasibətini ifadə edir.,7-2.3.2,Mətndə faktlara əsaslanaraq müəllif mövqeyinə münasibətin bildirilməsi.,2026-03-17 19:59:43.623487,4,qiymətləndirmə,qiymətləndirmək,Az_dili_VII_2.3.2
278,7,Oxu,2.3,Tənqidi təfəkkür və yaradıcı yanaşma: Mətndəki fakt və hadisələrə bağlı şəxsi münasibətini ifadə edir.,7-2.3.3,Bədii və qeyri-bədii mətnlərin struktur elementlərinin ümumi məzmuna təsirini izah edir.,2026-03-17 19:59:43.623487,3,şərh etmə,təhlil etmək,Az_dili_VII_2.3.3
279,7,Oxu,2.3,Tənqidi təfəkkür və yaradıcı yanaşma: Mətndəki fakt və hadisələrə bağlı şəxsi münasibətini ifadə edir.,7-2.3.4,Mətni dil-üslub xüsusiyyətlərinə görə təhlil edir.,2026-03-17 19:59:43.623487,4,şərh etmə,təhlil etmək,Az_dili_VII_2.3.4
280,7,Oxu,2.3,Tənqidi təfəkkür və yaradıcı yanaşma: Mətndəki fakt və hadisələrə bağlı şəxsi münasibətini ifadə edir.,7-2.3.5,Oxuduğu bədii mətni eyni mövzuda olan qeyri-bədii mətnlə müqayisə edir.,2026-03-17 19:59:43.623487,4,qiymətləndirmə,təhlil etmək,Az_dili_VII_2.3.5
281,7,Oxu,2.3,Tənqidi təfəkkür və yaradıcı yanaşma: Mətndəki fakt və hadisələrə bağlı şəxsi münasibətini ifadə edir.,7-2.3.6,Mətnin məzmununa yaradıcı yanaşmaqla süjetdə dəyişikliklər edir.,2026-03-17 19:59:43.623487,4,qiymətləndirmə,yaratmaq,Az_dili_VII_2.3.6
282,7,Yazı,3.1,Yazı normaları: Yazısında ədəbi dilin normalarına və mətnin struktur tələblərinə riayət edir.,7-3.1.1,Mətnin növündən asılı olaraq yazısında fikir və məlumatların ardıcıllığına riayət edir.,2026-03-17 19:59:43.623487,3,birbaşa anlama,tətbiq etmək,Az_dili_VII_3.1.1
283,7,Yazı,3.1,Yazı normaları: Yazısında ədəbi dilin normalarına və mətnin struktur tələblərinə riayət edir.,7-3.1.2,Yazısında ədəbi dilin normalarına riayət edir.,2026-03-17 19:59:43.623487,3,birbaşa anlama,tətbiq etmək,Az_dili_VII_3.1.2
284,7,Yazı,3.2,Yazı məqsədləri və tipləri: Məqsədə uyğun olaraq müxtəlif tipli mətnlər yazır.,7-3.2.1,Tanış olduğu məlumatlar əsasında informativ və izahedici mətnlər yazır.,2026-03-17 19:59:43.623487,3,inteqrasiya,tətbiq etmək,Az_dili_VII_3.2.1
285,7,Yazı,3.2,Yazı məqsədləri və tipləri: Məqsədə uyğun olaraq müxtəlif tipli mətnlər yazır.,7-3.2.2,Mövzu ilə bağlı fikirlərini arqumentləşdirməklə mətnlər yazır.,2026-03-17 19:59:43.623487,4,qiymətləndirmə,yaratmaq,Az_dili_VII_3.2.2
286,7,Yazı,3.2,Yazı məqsədləri və tipləri: Məqsədə uyğun olaraq müxtəlif tipli mətnlər yazır.,7-3.2.3,Sadə direktiv xarakterli mətnlər tərtib edir.,2026-03-17 19:59:43.623487,3,birbaşa anlama,tətbiq etmək,Az_dili_VII_3.2.3
287,7,Yazı,3.2,Yazı məqsədləri və tipləri: Məqsədə uyğun olaraq müxtəlif tipli mətnlər yazır.,7-3.2.4,Mənbələrdən istifadə etməklə mövzunu müxtəlif aspektlərdən araşdırır və tezislər şəklində təqdim edir.,2026-03-17 19:59:43.623487,4,inteqrasiya,yaratmaq,Az_dili_VII_3.2.4
288,8,Dil qaydaları,4.1,Orfoqrafiya və orfoepiya: Dilin fonetik qanunauyğunluqlarını izah edir və nitqində onlardan istifadə edir.,8-4.1.1,Bəzi alınma sözlərdə və uzun saitli sözlərdə vurğulu hecanın fərqləndirilməsi.,2026-03-17 19:59:43.623487,3,şərh etmə,anlamaq,Az_dili_VIII_4.1.1
289,8,Dil qaydaları,4.1,Orfoqrafiya və orfoepiya: Dilin fonetik qanunauyğunluqlarını izah edir və nitqində onlardan istifadə edir.,8-4.1.2,Mürəkkəb adların böyük hərflə yazılışı qaydalarına riayət edir.,2026-03-17 19:59:43.623487,3,birbaşa anlama,tətbiq etmək,Az_dili_VIII_4.1.2
290,8,Dil qaydaları,4.1,Orfoqrafiya və orfoepiya: Dilin fonetik qanunauyğunluqlarını izah edir və nitqində onlardan istifadə edir.,8-4.1.3,Açıq saitle bitən çoxhecalı feillərə y bitişdirici samiti ilə başlayan qrammatik şəkilçilər artırdıqda həmin saitlərin qapalı saitə çevrilməsi qaydasına əməl edilməsi.,2026-03-17 19:59:43.623487,4,şərh etmə,tətbiq etmək,Az_dili_VIII_4.1.3
420,11,Dinləmə və danışma,1.1,Dinləyib-qavrama: Dinlədiyi məlumatı qavrayır və şərh edir.,11-1.1.2,Dinlədiyi mətndəki fikirlərlə arqument və faktlar arasındakı əlaqəni izah edir.,2026-03-17 19:59:43.623487,5,şərh etmə,təhlil etmək,Az_dili_XI_1.1.2
291,8,Dil qaydaları,4.1,Orfoqrafiya və orfoepiya: Dilin fonetik qanunauyğunluqlarını izah edir və nitqində onlardan istifadə edir.,8-4.1.4,İzafət tərkiblərinin yazılış qaydalarına əməl edir.,2026-03-17 19:59:43.623487,3,birbaşa anlama,tətbiq etmək,Az_dili_VIII_4.1.4
292,8,Dil qaydaları,4.1,Orfoqrafiya və orfoepiya: Dilin fonetik qanunauyğunluqlarını izah edir və nitqində onlardan istifadə edir.,8-4.1.5,"Sözlərdə idi, imiş hissəciklərinin deyilişi və yazılışı qaydalarına əməl edir.",2026-03-17 19:59:43.623487,3,birbaşa anlama,tətbiq etmək,Az_dili_VIII_4.1.5
293,8,Dil qaydaları,4.2,Qrammatika: Nitq hissələrinin morfoloji tərkibini və semantik mənasını izah edir.,8-4.2.1,Kontekstdən çıxış edərək əsas nitq hissələrinin morfoloji tərkibini və semantik mənasını izah edir.,2026-03-17 19:59:43.623487,4,şərh etmə,anlamaq,Az_dili_VIII_4.2.1
294,8,Dil qaydaları,4.2,Qrammatika: Nitq hissələrinin morfoloji tərkibini və semantik mənasını izah edir.,8-4.2.2,"İdi, imiş hissəciklərinin qoşulduğu feillərin semantik mənasını müəyyən edir.",2026-03-17 19:59:43.623487,4,şərh etmə,anlamaq,Az_dili_VIII_4.2.2
295,8,Dil qaydaları,4.2,Qrammatika: Nitq hissələrinin morfoloji tərkibini və semantik mənasını izah edir.,8-4.2.3,Cümlədə söz birləşmələrini və onların sintaktik funksiyasını müəyyən edir.,2026-03-17 19:59:43.623487,4,şərh etmə,təhlil etmək,Az_dili_VIII_4.2.3
296,8,Dil qaydaları,4.2,Qrammatika: Nitq hissələrinin morfoloji tərkibini və semantik mənasını izah edir.,8-4.2.4,Cümlədə sözlər arasında sintaktik əlaqədən çıxış edərək sözlərin qrammatik formasının müəyyən edilməsi.,2026-03-17 19:59:43.623487,4,şərh etmə,təhlil etmək,Az_dili_VIII_4.2.4
297,8,Dil qaydaları,4.2,Qrammatika: Nitq hissələrinin morfoloji tərkibini və semantik mənasını izah edir.,8-4.2.5,Tabeli müstəqil komponentin komponentləri arasında məna əlaqələrini müəyyən edir.,2026-03-17 19:59:43.623487,4,şərh etmə,təhlil etmək,Az_dili_VIII_4.2.5
298,8,Dil qaydaları,4.3,Punktuasiya: Yazıda punktuasiya qaydalarına əməl edir.,8-4.3.1,Aydınlaşdırma əlaqəli mürəkkəb cümlədə durğu işarələrindən yerində istifadə edir.,2026-03-17 19:59:43.623487,4,birbaşa anlama,tətbiq etmək,Az_dili_VIII_4.3.1
299,8,Dil qaydaları,4.3,Punktuasiya: Yazıda punktuasiya qaydalarına əməl edir.,8-4.3.2,"Nöqtə, üç nöqtə, sual və nida işarələrinin işlənmə məqamlarını fərqləndirir.",2026-03-17 19:59:43.623487,4,şərh etmə,anlamaq,Az_dili_VIII_4.3.2
300,8,Dil qaydaları,4.4,Leksika: Sözlərin mənalarını anladığını nümayiş etdirir.,8-4.4.1,Sözün morfoloji tərkibindən çıxış edərək mənasını müəyyənləşdirir və lüğət vasitəsilə dəqiqləşdirir.,2026-03-17 19:59:43.623487,4,şərh etmə,anlamaq,Az_dili_VIII_4.4.1
301,8,Dil qaydaları,4.4,Leksika: Sözlərin mənalarını anladığını nümayiş etdirir.,8-4.4.2,Hiperonimin köməyi ilə sözü izah edərkən uyğun sintaktik konstruksiyadan istifadə edir.,2026-03-17 19:59:43.623487,4,şərh etmə,tətbiq etmək,Az_dili_VIII_4.4.2
302,8,Dil qaydaları,4.4,Leksika: Sözlərin mənalarını anladığını nümayiş etdirir.,8-4.4.3,"Bədii mətnlərdə metonimiya, metafor, sinekdoxa kimi bədii təsvir vasitələrinin fərqləndirilməsi.",2026-03-17 19:59:43.623487,4,şərh etmə,təhlil etmək,Az_dili_VIII_4.4.3
303,8,Dinləmə və danışma,1.1,Dinləyib-qavrama: Dinlədiyi məlumatı qavrayır və şərh edir.,8-1.1.1,Dinlədiyi mətndən götürdüyü qeydləri qrafik vasitələrlə görsəlləşdirir.,2026-03-17 19:59:43.623487,3,inteqrasiya,tətbiq etmək,Az_dili_VIII_1.1.1
304,8,Dinləmə və danışma,1.1,Dinləyib-qavrama: Dinlədiyi məlumatı qavrayır və şərh edir.,8-1.1.2,Dinlədiyi mətndəki fakt və fikirləri ümumiləşdirərək nəticə çıxarır.,2026-03-17 19:59:43.623487,4,şərh etmə,təhlil etmək,Az_dili_VIII_1.1.2
305,8,Dinləmə və danışma,1.1,Dinləyib-qavrama: Dinlədiyi məlumatı qavrayır və şərh edir.,8-1.1.3,Bildiyi faktlardan istifadə etməklə arqumentativ və polemik mətndə müəllif mövqeyinə münasibət bildirir.,2026-03-17 19:59:43.623487,4,qiymətləndirmə,qiymətləndirmək,Az_dili_VIII_1.1.3
306,8,Dinləmə və danışma,1.2,Dialoji nitq: Müzakirə və debatlarda iştirak edir.,8-1.2.1,Müzakirə və debatlarda təyin olunmuş formata və reqlamentə əməl edir.,2026-03-17 19:59:43.623487,3,birbaşa anlama,tətbiq etmək,Az_dili_VIII_1.2.1
307,8,Dinləmə və danışma,1.2,Dialoji nitq: Müzakirə və debatlarda iştirak edir.,8-1.2.2,Müzakirədə səslənən müxtəlif fikirləri yığcam şəkildə ümumiləşdirir və münasibət bildirir.,2026-03-17 19:59:43.623487,4,qiymətləndirmə,qiymətləndirmək,Az_dili_VIII_1.2.2
308,8,Dinləmə və danışma,1.3,Rabitəli nitq: Hər hansı mövzuda danışarkən rabitəli nitq nümayiş etdirir.,8-1.3.1,Oxuduğu və dinlədiyi eyni mövzuda məlumatları ümumiləşdirərək mətn qurub danışır.,2026-03-17 19:59:43.623487,4,inteqrasiya,yaratmaq,Az_dili_VIII_1.3.1
335,9,Dil qaydaları,4.2,Qrammatika: Nitq hissələrinin morfoloji tərkibini və semantik mənasını izah edir.,9-4.2.2,"İsə, ikən sözlərinin semantik mənasını müəyyən edir.",2026-03-17 19:59:43.623487,4,şərh etmə,anlamaq,Az_dili_IX_4.2.2
309,8,Dinləmə və danışma,1.3,Rabitəli nitq: Hər hansı mövzuda danışarkən rabitəli nitq nümayiş etdirir.,8-1.3.2,Mövzu üzrə araşdırdığı məlumat və fikirləri çatdırmaq üçün müvafiq təqdimetmə formasından istifadə edir.,2026-03-17 19:59:43.623487,4,inteqrasiya,tətbiq etmək,Az_dili_VIII_1.3.2
310,8,Dinləmə və danışma,1.4,Ədəbi dilin normaları və ekspressiv nitq: Danışarkən ədəbi dilin normalarına əməl edir və ekspressiv nitq nümayiş etdirir.,8-1.4.1,Şifahi nitqində orfoepiya normalarına riayət edir.,2026-03-17 19:59:43.623487,3,birbaşa anlama,tətbiq etmək,Az_dili_VIII_1.4.1
311,8,Dinləmə və danışma,1.4,Ədəbi dilin normaları və ekspressiv nitq: Danışarkən ədəbi dilin normalarına əməl edir və ekspressiv nitq nümayiş etdirir.,8-1.4.2,"Danışarkən məzmuna uyğun intonasiya, jest, mimikadan istifadə edir, göz təması qurur.",2026-03-17 19:59:43.623487,3,birbaşa anlama,tətbiq etmək,Az_dili_VIII_1.4.2
312,8,Oxu,2.1,Faktoloji qavrama: Mətndə açıq şəkildə ifadə olunmuş informasiyanı mənimsədiyini nümayiş etdirir.,8-2.1.1,Mətndən götürülən qeydlər əsasında yaddaş xəritəsinin tərtib edilməsi.,2026-03-17 19:59:43.623487,3,inteqrasiya,tətbiq etmək,Az_dili_VIII_2.1.1
313,8,Oxu,2.1,Faktoloji qavrama: Mətndə açıq şəkildə ifadə olunmuş informasiyanı mənimsədiyini nümayiş etdirir.,8-2.1.2,Kontekstdən çıxış edərək söz və ifadələrin (frazemlərin) mənasını müəyyən edir.,2026-03-17 19:59:43.623487,3,şərh etmə,anlamaq,Az_dili_VIII_2.1.2
314,8,Oxu,2.2,Şərhetmə və əlaqələndirmə: Mətndə açıq şəkildə ifadə olunmayan informasiya haqqında fikir yürüdür.,8-2.2.1,Mətndə irəli sürülən fikri əsaslandıran arqumentləri müəyyən edir.,2026-03-17 19:59:43.623487,4,şərh etmə,təhlil etmək,Az_dili_VIII_2.2.1
315,8,Oxu,2.2,Şərhetmə və əlaqələndirmə: Mətndə açıq şəkildə ifadə olunmayan informasiya haqqında fikir yürüdür.,8-2.2.2,Mətndəki məlumatlardan çıxış edərək sətiraltı fikir və informasiyanı izah edir.,2026-03-17 19:59:43.623487,4,şərh etmə,təhlil etmək,Az_dili_VIII_2.2.2
316,8,Oxu,2.3,Tənqidi təfəkkür və yaradıcı yanaşma: Mətndəki fakt və hadisələrə bağlı şəxsi münasibətini ifadə edir.,8-2.3.1,Mətnin ideyasını müəyyənləşdirərkən obrazların davranışını və müəllif mövqeyini nəzərə alır.,2026-03-17 19:59:43.623487,4,şərh etmə,təhlil etmək,Az_dili_VIII_2.3.1
317,8,Oxu,2.3,Tənqidi təfəkkür və yaradıcı yanaşma: Mətndəki fakt və hadisələrə bağlı şəxsi münasibətini ifadə edir.,8-2.3.2,Oxuduğu mətndəki məlumatları digər fənlərdən əldə etdiyi biliklərlə müqayisə edərək əsas fikrə münasibət bildirir.,2026-03-17 19:59:43.623487,4,inteqrasiya,qiymətləndirmək,Az_dili_VIII_2.3.2
318,8,Oxu,2.3,Tənqidi təfəkkür və yaradıcı yanaşma: Mətndəki fakt və hadisələrə bağlı şəxsi münasibətini ifadə edir.,8-2.3.3,Mətnin növündən və tipindən asılı olaraq məzmunun açılmasında struktur elementlərinin rolunu izah edir.,2026-03-17 19:59:43.623487,4,şərh etmə,təhlil etmək,Az_dili_VIII_2.3.3
319,8,Oxu,2.3,Tənqidi təfəkkür və yaradıcı yanaşma: Mətndəki fakt və hadisələrə bağlı şəxsi münasibətini ifadə edir.,8-2.3.4,Mətni dil-üslub xüsusiyyətlərinə görə təhlil edir.,2026-03-17 19:59:43.623487,4,şərh etmə,təhlil etmək,Az_dili_VIII_2.3.4
320,8,Oxu,2.3,Tənqidi təfəkkür və yaradıcı yanaşma: Mətndəki fakt və hadisələrə bağlı şəxsi münasibətini ifadə edir.,8-2.3.5,Eyni mövzuda olan müxtəlif tipli mətnləri müqayisə edir.,2026-03-17 19:59:43.623487,4,qiymətləndirmə,təhlil etmək,Az_dili_VIII_2.3.5
321,8,Oxu,2.3,Tənqidi təfəkkür və yaradıcı yanaşma: Mətndəki fakt və hadisələrə bağlı şəxsi münasibətini ifadə edir.,8-2.3.6,Mətnin məzmununa və kompozisiyasına yaradıcı məzmunda dəyişikliklər edir.,2026-03-17 19:59:43.623487,4,qiymətləndirmə,yaratmaq,Az_dili_VIII_2.3.6
322,8,Yazı,3.1,Yazı normaları: Yazısında ədəbi dilin normalarına və mətnin struktur tələblərinə riayət edir.,8-3.1.1,"Mətn yazarkən müxtəlif növ mətnlərə (bədii, informativ, izahedici, arqumentativ və s.) xas olan struktur elementlərini nəzərə alır.",2026-03-17 19:59:43.623487,4,şərh etmə,tətbiq etmək,Az_dili_VIII_3.1.1
323,8,Yazı,3.1,Yazı normaları: Yazısında ədəbi dilin normalarına və mətnin struktur tələblərinə riayət edir.,8-3.1.2,Yazısında ədəbi dilin normalarına riayət edir.,2026-03-17 19:59:43.623487,3,birbaşa anlama,tətbiq etmək,Az_dili_VIII_3.1.2
324,8,Yazı,3.2,Yazı məqsədləri və tipləri: Məqsədə uyğun olaraq müxtəlif tipli mətnlər yazır.,8-3.2.1,Dinlədiyi və ya oxuduğu mətnlə bağlı icmal xarakterli yazı tərtib edir.,2026-03-17 19:59:43.623487,4,inteqrasiya,tətbiq etmək,Az_dili_VIII_3.2.1
325,8,Yazı,3.2,Yazı məqsədləri və tipləri: Məqsədə uyğun olaraq müxtəlif tipli mətnlər yazır.,8-3.2.2,Təsviri və mühakimə xarakterli mətnlərin xüsusiyyətlərini nəzərə almaqla bədii və qeyri-bədii mətnlər yazır.,2026-03-17 19:59:43.623487,4,qiymətləndirmə,yaratmaq,Az_dili_VIII_3.2.2
326,8,Yazı,3.2,Yazı məqsədləri və tipləri: Məqsədə uyğun olaraq müxtəlif tipli mətnlər yazır.,8-3.2.3,Sadə formalı işgüzar sənədlər tərtib edir.,2026-03-17 19:59:43.623487,3,birbaşa anlama,tətbiq etmək,Az_dili_VIII_3.2.3
327,8,Yazı,3.2,Yazı məqsədləri və tipləri: Məqsədə uyğun olaraq müxtəlif tipli mətnlər yazır.,8-3.2.4,Müxtəlif fənlər üzrə biliklərini araşdırdığı məlumatlarla əlaqələndirərək təqdimat materialı hazırlayır.,2026-03-17 19:59:43.623487,4,inteqrasiya,yaratmaq,Az_dili_VIII_3.2.4
328,9,Dil qaydaları,4.1,Orfoqrafiya və orfoepiya: Dilin fonetik qanunauyğunluqlarını izah edir və nitqində onlardan istifadə edir.,9-4.1.1,Paronimlərin yazılışında orfoqrafik normalara riayət edir.,2026-03-17 19:59:43.623487,4,birbaşa anlama,tətbiq etmək,Az_dili_IX_4.1.1
329,9,Dil qaydaları,4.1,Orfoqrafiya və orfoepiya: Dilin fonetik qanunauyğunluqlarını izah edir və nitqində onlardan istifadə edir.,9-4.1.2,Dırnaq içində yazılan mürəkkəb adların böyük hərflə yazılışı qaydalarına riayət edir.,2026-03-17 19:59:43.623487,4,birbaşa anlama,tətbiq etmək,Az_dili_IX_4.1.2
330,9,Dil qaydaları,4.1,Orfoqrafiya və orfoepiya: Dilin fonetik qanunauyğunluqlarını izah edir və nitqində onlardan istifadə edir.,9-4.1.3,"Sözlərdə q, k, ğ, g samitləri olan şəkilçilərin yazılış və tələffüz qaydalarının izah edilməsi.",2026-03-17 19:59:43.623487,4,şərh etmə,anlamaq,Az_dili_IX_4.1.3
331,9,Dil qaydaları,4.1,Orfoqrafiya və orfoepiya: Dilin fonetik qanunauyğunluqlarını izah edir və nitqində onlardan istifadə edir.,9-4.1.4,Abreviaturların və onlara qoşulan şəkilçilərin deyilişi və yazılışı qaydalarına əməl edir.,2026-03-17 19:59:43.623487,4,birbaşa anlama,tətbiq etmək,Az_dili_IX_4.1.4
332,9,Dil qaydaları,4.1,Orfoqrafiya və orfoepiya: Dilin fonetik qanunauyğunluqlarını izah edir və nitqində onlardan istifadə edir.,9-4.1.5,Söz birləşmələri və tərkibi sözlərdən yaranmış mürəkkəb sözlərin bitişik yazılışı qaydalarına əməl edir.,2026-03-17 19:59:43.623487,4,birbaşa anlama,tətbiq etmək,Az_dili_IX_4.1.5
333,9,Dil qaydaları,4.1,Orfoqrafiya və orfoepiya: Dilin fonetik qanunauyğunluqlarını izah edir və nitqində onlardan istifadə edir.,9-4.1.6,"Sözlərdə isə, ikən hissəciklərinin şəkilçiləşmə prinsiplərinə əməl edir.",2026-03-17 19:59:43.623487,4,şərh etmə,tətbiq etmək,Az_dili_IX_4.1.6
334,9,Dil qaydaları,4.2,Qrammatika: Nitq hissələrinin morfoloji tərkibini və semantik mənasını izah edir.,9-4.2.1,Kontekstdən çıxış edərək köməkçi söz və morfemlərin qrammatik omonimliyini izah edir.,2026-03-17 19:59:43.623487,5,şərh etmə,təhlil etmək,Az_dili_IX_4.2.1
336,9,Dil qaydaları,4.2,Qrammatika: Nitq hissələrinin morfoloji tərkibini və semantik mənasını izah edir.,9-4.2.3,Cümlə üzvü rolunda çıxış edən mürəkkəb söz birləşmələrini müəyyən edir.,2026-03-17 19:59:43.623487,4,şərh etmə,təhlil etmək,Az_dili_IX_4.2.3
337,9,Dil qaydaları,4.2,Qrammatika: Nitq hissələrinin morfoloji tərkibini və semantik mənasını izah edir.,9-4.2.4,"Həmcins cümlə üzvləri və ümumiləşdirici sözü, cümlə üzvü və onun əlavəsini müəyyən edir.",2026-03-17 19:59:43.623487,4,şərh etmə,təhlil etmək,Az_dili_IX_4.2.4
338,9,Dil qaydaları,4.2,Qrammatika: Nitq hissələrinin morfoloji tərkibini və semantik mənasını izah edir.,9-4.2.5,Vasitəsiz nitqin vasitəli nitqə çevrilməsi yollarının müəyyənləşdirilməsi.,2026-03-17 19:59:43.623487,4,şərh etmə,tətbiq etmək,Az_dili_IX_4.2.5
339,9,Dil qaydaları,4.2,Qrammatika: Nitq hissələrinin morfoloji tərkibini və semantik mənasını izah edir.,9-4.2.6,Tabeli mürəkkəb cümlənin sadə cümləyə çevrilməsi yollarının müəyyən edilməsi.,2026-03-17 19:59:43.623487,5,şərh etmə,tətbiq etmək,Az_dili_IX_4.2.6
340,9,Dil qaydaları,4.3,Punktuasiya: Yazıda punktuasiya qaydalarına əməl edir.,9-4.3.1,Vasitəsiz nitqdə və dialoqlarda durğu işarələrindən istifadə edir.,2026-03-17 19:59:43.623487,4,birbaşa anlama,tətbiq etmək,Az_dili_IX_4.3.1
341,9,Dil qaydaları,4.3,Punktuasiya: Yazıda punktuasiya qaydalarına əməl edir.,9-4.3.2,"Həmcins cümlə üzvləri və ümumiləşdirici sözü, cümlə üzvü və onun əlavəsi arasında durğu işarələrindən yerində istifadə edir.",2026-03-17 19:59:43.623487,4,birbaşa anlama,tətbiq etmək,Az_dili_IX_4.3.2
342,9,Dil qaydaları,4.4,Leksika: Sözlərin mənalarını anladığını nümayiş etdirir.,9-4.4.1,Sözün morfoloji tərkibindən çıxış edərək mənasını müəyyənləşdirir və lüğətin köməyi ilə etimoloji mənasını müəyyən edir.,2026-03-17 19:59:43.623487,4,şərh etmə,təhlil etmək,Az_dili_IX_4.4.1
343,9,Dil qaydaları,4.4,Leksika: Sözlərin mənalarını anladığını nümayiş etdirir.,9-4.4.2,Mətndə rast gəlinən arxaizm və dialektizmlərin olmayan sözləri kontekstə görə izah edir.,2026-03-17 19:59:43.623487,4,şərh etmə,anlamaq,Az_dili_IX_4.4.2
344,9,Dil qaydaları,4.4,Leksika: Sözlərin mənalarını anladığını nümayiş etdirir.,9-4.4.3,Sözün leksikoqrafik qaydalara uyğun izahını verir və kontekstdə işlədir.,2026-03-17 19:59:43.623487,4,şərh etmə,tətbiq etmək,Az_dili_IX_4.4.3
345,9,Dil qaydaları,4.4,Leksika: Sözlərin mənalarını anladığını nümayiş etdirir.,9-4.4.4,Bədii mətndəki sadə üslubi fiqurları müəyyən edir.,2026-03-17 19:59:43.623487,4,şərh etmə,təhlil etmək,Az_dili_IX_4.4.4
346,9,Dinləmə və danışma,1.1,Dinləyib-qavrama: Dinlədiyi məlumatı qavrayır və şərh edir.,9-1.1.1,Dinlədiyi mətndən götürdüyü qeydləri qrafik vasitələrlə görsəlləşdirir.,2026-03-17 19:59:43.623487,4,inteqrasiya,tətbiq etmək,Az_dili_IX_1.1.1
347,9,Dinləmə və danışma,1.1,Dinləyib-qavrama: Dinlədiyi məlumatı qavrayır və şərh edir.,9-1.1.2,Dinlədiyi məlumatları başqa mənbələrdən aldığı məlumatlarla müqayisə edir.,2026-03-17 19:59:43.623487,4,inteqrasiya,təhlil etmək,Az_dili_IX_1.1.2
348,9,Dinləmə və danışma,1.1,Dinləyib-qavrama: Dinlədiyi məlumatı qavrayır və şərh edir.,9-1.1.3,Şəxsi bilikləri və əldə etdiyi başqa məlumatlardan çıxış edərək dinlədiyi fikirlərə münasibət bildirir.,2026-03-17 19:59:43.623487,4,qiymətləndirmə,qiymətləndirmək,Az_dili_IX_1.1.3
349,9,Dinləmə və danışma,1.2,Dialoji nitq: Müzakirə və debatlarda iştirak edir.,9-1.2.1,Müzakirə və ya debatın gedişi ilə bağlı şərtlərə əməl edir.,2026-03-17 19:59:43.623487,3,birbaşa anlama,tətbiq etmək,Az_dili_IX_1.2.1
350,9,Dinləmə və danışma,1.2,Dialoji nitq: Müzakirə və debatlarda iştirak edir.,9-1.2.2,Dinlənilən fikrə münasibətini əsaslandırmaq üçün rasional və emosional arqumentlər gətirir.,2026-03-17 19:59:43.623487,4,qiymətləndirmə,qiymətləndirmək,Az_dili_IX_1.2.2
351,9,Dinləmə və danışma,1.3,Rabitəli nitq: Hər hansı mövzuda danışarkən rabitəli nitq nümayiş etdirir.,9-1.3.1,"Həyatda gördüyü və ya təxəyyülünə uyğun hadisə, varlıq haqqında fikir və təəssüratlarını rabitəli şəkildə ifadə edir.",2026-03-17 19:59:43.623487,4,şərh etmə,tətbiq etmək,Az_dili_IX_1.3.1
352,9,Dinləmə və danışma,1.3,Rabitəli nitq: Hər hansı mövzuda danışarkən rabitəli nitq nümayiş etdirir.,9-1.3.2,Təqdimat zamanı fikirlərin məntiqi ardıcıllıqla ifadə edilməsi.,2026-03-17 19:59:43.623487,4,inteqrasiya,tətbiq etmək,Az_dili_IX_1.3.2
353,9,Dinləmə və danışma,1.4,Ədəbi dilin normaları və ekspressiv nitq: Danışarkən ədəbi dilin normalarına əməl edir və ekspressiv nitq nümayiş etdirir.,9-1.4.1,Şifahi nitqində orfoepiya normalarına riayət edir və zəngin söz ehtiyatı nümayiş etdirir.,2026-03-17 19:59:43.623487,4,birbaşa anlama,tətbiq etmək,Az_dili_IX_1.4.1
354,9,Dinləmə və danışma,1.4,Ədəbi dilin normaları və ekspressiv nitq: Danışarkən ədəbi dilin normalarına əməl edir və ekspressiv nitq nümayiş etdirir.,9-1.4.2,"Nitqində səs tonu, jest və mimikalar vasitəsilə emosiyalarını nümayiş etdirir.",2026-03-17 19:59:43.623487,3,birbaşa anlama,tətbiq etmək,Az_dili_IX_1.4.2
355,9,Oxu,2.1,Faktoloji qavrama: Mətndə açıq şəkildə ifadə olunmuş informasiyanı mənimsədiyini nümayiş etdirir.,9-2.1.1,Mətnin və onun struktur elementlərinin ehtiva etdiyi məlumatları müəyyənləşdirir.,2026-03-17 19:59:43.623487,4,məlumat alma,təhlil etmək,Az_dili_IX_2.1.1
356,9,Oxu,2.1,Faktoloji qavrama: Mətndə açıq şəkildə ifadə olunmuş informasiyanı mənimsədiyini nümayiş etdirir.,9-2.1.2,"Kontekstdən çıxış edərək söz və ifadələrin (frazemlərin, atalar sözlərinin) mənasını müəyyən edir.",2026-03-17 19:59:43.623487,4,şərh etmə,anlamaq,Az_dili_IX_2.1.2
357,9,Oxu,2.2,Şərhetmə və əlaqələndirmə: Mətndə açıq şəkildə ifadə olunmayan informasiya haqqında fikir yürüdür.,9-2.2.1,Mətndə hadisələr (faktlar) arasında uyğunluğu (uyğunsuzluğu) müəyyənləşdirməklə əsaslandırır.,2026-03-17 19:59:43.623487,4,şərh etmə,təhlil etmək,Az_dili_IX_2.2.1
358,9,Oxu,2.2,Şərhetmə və əlaqələndirmə: Mətndə açıq şəkildə ifadə olunmayan informasiya haqqında fikir yürüdür.,9-2.2.2,Mətndəki məlumatlardan çıxış edərək sətiraltı fikir və informasiyanı əsaslandırır.,2026-03-17 19:59:43.623487,5,şərh etmə,təhlil etmək,Az_dili_IX_2.2.2
359,9,Oxu,2.3,Tənqidi təfəkkür və yaradıcı yanaşma: Mətndəki fakt və hadisələrə bağlı şəxsi münasibətini ifadə edir.,9-2.3.1,Mətnin ideyasının açılmasında xarakterlərin və bədii detalların rolunu izah edir.,2026-03-17 19:59:43.623487,4,şərh etmə,təhlil etmək,Az_dili_IX_2.3.1
360,9,Oxu,2.3,Tənqidi təfəkkür və yaradıcı yanaşma: Mətndəki fakt və hadisələrə bağlı şəxsi münasibətini ifadə edir.,9-2.3.2,Mətndə arqument-lər ardıcıllığının fikrin əsaslandırılmasında rolunu izah edir.,2026-03-17 19:59:43.623487,5,şərh etmə,təhlil etmək,Az_dili_IX_2.3.2
361,9,Oxu,2.3,Tənqidi təfəkkür və yaradıcı yanaşma: Mətndəki fakt və hadisələrə bağlı şəxsi münasibətini ifadə edir.,9-2.3.3,Mətn strukturunun formalaşmasında müəllifin tətbiq etdiyi üsulları təhlil edir.,2026-03-17 19:59:43.623487,5,şərh etmə,təhlil etmək,Az_dili_IX_2.3.3
362,9,Oxu,2.3,Tənqidi təfəkkür və yaradıcı yanaşma: Mətndəki fakt və hadisələrə bağlı şəxsi münasibətini ifadə edir.,9-2.3.4,Mətni dil-üslub xüsusiyyətlərinə görə təhlil edir.,2026-03-17 19:59:43.623487,5,şərh etmə,təhlil etmək,Az_dili_IX_2.3.4
363,9,Oxu,2.3,Tənqidi təfəkkür və yaradıcı yanaşma: Mətndəki fakt və hadisələrə bağlı şəxsi münasibətini ifadə edir.,9-2.3.5,Eyni mövzuda olan müxtəlif tipli mətnləri müqayisəli təhlil edir.,2026-03-17 19:59:43.623487,5,qiymətləndirmə,qiymətləndirmək,Az_dili_IX_2.3.5
364,9,Oxu,2.3,Tənqidi təfəkkür və yaradıcı yanaşma: Mətndəki fakt və hadisələrə bağlı şəxsi münasibətini ifadə edir.,9-2.3.6,Mətndəki dəyərlərə və müəllif yanaşmasına öz münasibətini bildirir.,2026-03-17 19:59:43.623487,5,qiymətləndirmə,qiymətləndirmək,Az_dili_IX_2.3.6
365,9,Yazı,3.1,Yazı normaları: Yazısında ədəbi dilin normalarına və mətnin struktur tələblərinə riayət edir.,9-3.1.1,Mətni strukturlaşdırarkən onun forma və məzmun xüsusiyyətlərini nəzərə alır.,2026-03-17 19:59:43.623487,4,şərh etmə,tətbiq etmək,Az_dili_IX_3.1.1
366,9,Yazı,3.1,Yazı normaları: Yazısında ədəbi dilin normalarına və mətnin struktur tələblərinə riayət edir.,9-3.1.2,Yazısında ədəbi dilin normalarına riayət edir.,2026-03-17 19:59:43.623487,4,birbaşa anlama,tətbiq etmək,Az_dili_IX_3.1.2
367,9,Yazı,3.2,Yazı məqsədləri və tipləri: Məqsədə uyğun olaraq müxtəlif tipli mətnlər yazır.,9-3.2.1,Araşdırmaları əsasında qeyri-xronoloji informativ mətnlər yazır.,2026-03-17 19:59:43.623487,4,inteqrasiya,yaratmaq,Az_dili_IX_3.2.1
368,9,Yazı,3.2,Yazı məqsədləri və tipləri: Məqsədə uyğun olaraq müxtəlif tipli mətnlər yazır.,9-3.2.2,"Fikir, arqument və faktlar arasında məntiqi əlaqəni gözləməklə arqumentativ mətnlər yazır.",2026-03-17 19:59:43.623487,5,qiymətləndirmə,yaratmaq,Az_dili_IX_3.2.2
369,9,Yazı,3.2,Yazı məqsədləri və tipləri: Məqsədə uyğun olaraq müxtəlif tipli mətnlər yazır.,9-3.2.3,Sadə formalı işgüzar sənədlər tərtib edir.,2026-03-17 19:59:43.623487,3,birbaşa anlama,tətbiq etmək,Az_dili_IX_3.2.3
370,9,Yazı,3.2,Yazı məqsədləri və tipləri: Məqsədə uyğun olaraq müxtəlif tipli mətnlər yazır.,9-3.2.4,"Əldə etdiyi məlumatları tezislər, açar sözlər şəklində ifadə etməklə təqdimat materialı hazırlayır.",2026-03-17 19:59:43.623487,4,inteqrasiya,yaratmaq,Az_dili_IX_3.2.4
371,10,Dil qaydaları,4.1,Orfoqrafiya və orfoepiya: Dilin fonetik qanunauyğunluqlarını izah edir və nitqində onlardan istifadə edir.,10-4.1.1,Alınma sözlərin yazılışını mənbə dildəki tələffüzü ilə müqayisə edir və orfoqrafik normalara uyğun yazır.,2026-03-17 19:59:43.623487,5,şərh etmə,təhlil etmək,Az_dili_X_4.1.1
372,10,Dil qaydaları,4.1,Orfoqrafiya və orfoepiya: Dilin fonetik qanunauyğunluqlarını izah edir və nitqində onlardan istifadə edir.,10-4.1.2,Mürəkkəb adların böyük hərflə yazılışı qaydalarına riayət edir.,2026-03-17 19:59:43.623487,4,birbaşa anlama,tətbiq etmək,Az_dili_X_4.1.2
373,10,Dil qaydaları,4.1,Orfoqrafiya və orfoepiya: Dilin fonetik qanunauyğunluqlarını izah edir və nitqində onlardan istifadə edir.,10-4.1.3,Yazılı və şifahi nitqdə morfonoloji qaydalara əməl edir.,2026-03-17 19:59:43.623487,5,birbaşa anlama,tətbiq etmək,Az_dili_X_4.1.3
374,10,Dil qaydaları,4.1,Orfoqrafiya və orfoepiya: Dilin fonetik qanunauyğunluqlarını izah edir və nitqində onlardan istifadə edir.,10-4.1.4,"Mürəkkəb və tərkibi sözlərin bitişik, ayrı və defislə yazılışı qaydalarına əməl edir.",2026-03-17 19:59:43.623487,4,birbaşa anlama,tətbiq etmək,Az_dili_X_4.1.4
375,10,Dil qaydaları,4.2,Qrammatika: Sözlərin qrammatik formasını və tərkibindəki morfemlərin semantik funksiyasını izah edir.,10-4.2.1,Kontekstdən çıxış edərək sözlərin qrammatik formasını və tərkibindəki morfemlərin semantik funksiyasını izah edir.,2026-03-17 19:59:43.623487,5,şərh etmə,təhlil etmək,Az_dili_X_4.2.1
376,10,Dil qaydaları,4.2,Qrammatika: Sözlərin qrammatik formasını və tərkibindəki morfemlərin semantik funksiyasını izah edir.,10-4.2.2,Müxtəlif konstruksiyalı söz birləşmələrini fərqləndirir.,2026-03-17 19:59:43.623487,5,şərh etmə,təhlil etmək,Az_dili_X_4.2.2
377,10,Dil qaydaları,4.2,Qrammatika: Sözlərin qrammatik formasını və tərkibindəki morfemlərin semantik funksiyasını izah edir.,10-4.2.3,Həmcins cümlə üzvlərinə xas cəhətlərin müəyyənləşdirilməsi.,2026-03-17 19:59:43.623487,4,şərh etmə,anlamaq,Az_dili_X_4.2.3
378,10,Dil qaydaları,4.2,Qrammatika: Sözlərin qrammatik formasını və tərkibindəki morfemlərin semantik funksiyasını izah edir.,10-4.2.4,"Cümlə üzvləri və ümumiləşdirici sözü, cümlə üzvü və onun əlavəsini müəyyən edir.",2026-03-17 19:59:43.623487,5,şərh etmə,təhlil etmək,Az_dili_X_4.2.4
379,10,Dil qaydaları,4.2,Qrammatika: Sözlərin qrammatik formasını və tərkibindəki morfemlərin semantik funksiyasını izah edir.,10-4.2.5,Əlavə cümlənin semantik funksiyasını müəyyən edir.,2026-03-17 19:59:43.623487,5,şərh etmə,təhlil etmək,Az_dili_X_4.2.5
380,10,Dil qaydaları,4.3,Punktuasiya: Yazıda punktuasiya qaydalarına əməl edir.,10-4.3.1,Əlavə cümlələrdə durğu işarələrindən istifadə edir.,2026-03-17 19:59:43.623487,5,birbaşa anlama,tətbiq etmək,Az_dili_X_4.3.1
381,10,Dil qaydaları,4.3,Punktuasiya: Yazıda punktuasiya qaydalarına əməl edir.,10-4.3.2,"Vergül, mötərizə, dırnaq işarələrinin işlənmə məqamlarını müəyyən edir.",2026-03-17 19:59:43.623487,5,şərh etmə,anlamaq,Az_dili_X_4.3.2
382,10,Dil qaydaları,4.4,Leksika: Sözlərin mənalarını anladığını nümayiş etdirir.,10-4.4.1,Sözün morfoloji tərkibindən çıxış edərək mənasını müəyyənləşdirir və etimoloji mənası ilə müqayisə edir.,2026-03-17 19:59:43.623487,5,şərh etmə,təhlil etmək,Az_dili_X_4.4.1
383,10,Dil qaydaları,4.4,Leksika: Sözlərin mənalarını anladığını nümayiş etdirir.,10-4.4.2,Konkret varlıq bildirən isimlərin və əlamət bildirən sifətlərin izahını verir və lüğətdəki izahla müqayisə edir.,2026-03-17 19:59:43.623487,5,şərh etmə,təhlil etmək,Az_dili_X_4.4.2
384,10,Dil qaydaları,4.4,Leksika: Sözlərin mənalarını anladığını nümayiş etdirir.,10-4.4.3,Nitqdə qeyri-fəal leksikaya aid söz və ifadələrin nümunələrinin fərqləndirilməsi.,2026-03-17 19:59:43.623487,5,şərh etmə,təhlil etmək,Az_dili_X_4.4.3
385,10,Dinləmə və danışma,1.1,Dinləyib-qavrama: Dinlədiyi məlumatı qavrayır və şərh edir.,10-1.1.1,Dinlədiyi mətndən götürdüyü qeydləri qrafik vasitələrlə görsəlləşdirir.,2026-03-17 19:59:43.623487,4,inteqrasiya,tətbiq etmək,Az_dili_X_1.1.1
386,10,Dinləmə və danışma,1.1,Dinləyib-qavrama: Dinlədiyi məlumatı qavrayır və şərh edir.,10-1.1.2,Dinlədiyi məlumatları şəxsi bilikləri və əldə etdiyi başqa məlumatlarla müqayisə edir.,2026-03-17 19:59:43.623487,5,inteqrasiya,təhlil etmək,Az_dili_X_1.1.2
387,10,Dinləmə və danışma,1.2,Dialoji nitq: Müzakirə və debatlarda iştirak edir.,10-1.2.1,Müzakirə zamanı səslənən fikirləri münasibət ifadə etmək üçün arqument və əks-arqumentlər gətirir.,2026-03-17 19:59:43.623487,5,qiymətləndirmə,qiymətləndirmək,Az_dili_X_1.2.1
388,10,Dinləmə və danışma,1.3,Rabitəli nitq: Hər hansı mövzuda danışarkən rabitəli nitq nümayiş etdirir.,10-1.3.1,Müəyyən mövzuda mətni dinlədikdən və ya oxuduqdan sonra əlavə biliklərinə uyğun yeni məlumatlarla genişləndirir.,2026-03-17 19:59:43.623487,5,inteqrasiya,yaratmaq,Az_dili_X_1.3.1
389,10,Dinləmə və danışma,1.3,Rabitəli nitq: Hər hansı mövzuda danışarkən rabitəli nitq nümayiş etdirir.,10-1.3.2,Problemlə bağlı təqdimat edərkən fikirlərini gətirilməsi və həlli yollarını göstərir.,2026-03-17 19:59:43.623487,5,inteqrasiya,yaratmaq,Az_dili_X_1.3.2
390,10,Dinləmə və danışma,1.4,Ədəbi dilin normaları və ekspressiv nitq: Danışarkən ədəbi dilin normalarına əməl edir və ekspressiv nitq nümayiş etdirir.,10-1.4.1,"Şifahi nitqində fonetik, leksik normalara əməl edir.",2026-03-17 19:59:43.623487,4,birbaşa anlama,tətbiq etmək,Az_dili_X_1.4.1
391,10,Dinləmə və danışma,1.4,Ədəbi dilin normaları və ekspressiv nitq: Danışarkən ədəbi dilin normalarına əməl edir və ekspressiv nitq nümayiş etdirir.,10-1.4.2,Nitq prosesində danışığı ilə ifadə tərzi uyğunlaşdırır.,2026-03-17 19:59:43.623487,4,birbaşa anlama,tətbiq etmək,Az_dili_X_1.4.2
392,10,Oxu,2.1,Faktoloji qavrama: Mətndə açıq şəkildə ifadə olunmuş informasiyanı mənimsədiyini nümayiş etdirir.,10-2.1.1,Mətnin annotasiyasını yazmaqla məzmunu anladığını nümayiş etdirir.,2026-03-17 19:59:43.623487,5,inteqrasiya,yaratmaq,Az_dili_X_2.1.1
419,11,Dinləmə və danışma,1.1,Dinləyib-qavrama: Dinlədiyi məlumatı qavrayır və şərh edir.,11-1.1.1,Dinlədiyi mətnin məzmununu görsəlləşdirmək məqsədi ilə uyğun qrafik vasitə seçir və tətbiq edir.,2026-03-17 19:59:43.623487,5,inteqrasiya,yaratmaq,Az_dili_XI_1.1.1
393,10,Oxu,2.1,Faktoloji qavrama: Mətndə açıq şəkildə ifadə olunmuş informasiyanı mənimsədiyini nümayiş etdirir.,10-2.1.2,"Kontekstdən çıxış edərək söz və ifadələrin (frazemlərin, atalar sözlərinin, termin və alınma sözlərinin) mənasını müəyyən edir.",2026-03-17 19:59:43.623487,5,şərh etmə,anlamaq,Az_dili_X_2.1.2
394,10,Oxu,2.2,Şərhetmə və əlaqələndirmə: Mətndə açıq şəkildə ifadə olunmayan informasiya haqqında fikir yürüdür.,10-2.2.1,Mətndə fikirlərin irəli sürdüyü fikrə uyğun faktların müəyyən edilməsi.,2026-03-17 19:59:43.623487,5,şərh etmə,təhlil etmək,Az_dili_X_2.2.1
395,10,Oxu,2.2,Şərhetmə və əlaqələndirmə: Mətndə açıq şəkildə ifadə olunmayan informasiya haqqında fikir yürüdür.,10-2.2.2,Açıq ifadə olunmayan məlumatı müəyyənləşdirmək üçün faktlardan istifadə edilməsi.,2026-03-17 19:59:43.623487,5,şərh etmə,təhlil etmək,Az_dili_X_2.2.2
396,10,Oxu,2.3,Tənqidi təfəkkür və yaradıcı yanaşma: Mətndəki fakt və hadisələrə bağlı şəxsi münasibətini ifadə edir.,10-2.3.1,Mətndə ideyanın açılmasına xidmət edən məqamları müəyyən edərək əlaqələndirir.,2026-03-17 19:59:43.623487,5,şərh etmə,təhlil etmək,Az_dili_X_2.3.1
397,10,Oxu,2.3,Tənqidi təfəkkür və yaradıcı yanaşma: Mətndəki fakt və hadisələrə bağlı şəxsi münasibətini ifadə edir.,10-2.3.2,Mətndəki fikrə münasibətini mətndən seçdiyi faktlarla və əldə etdiyi məlumatlarla əsaslandırır.,2026-03-17 19:59:43.623487,5,qiymətləndirmə,qiymətləndirmək,Az_dili_X_2.3.2
398,10,Oxu,2.3,Tənqidi təfəkkür və yaradıcı yanaşma: Mətndəki fakt və hadisələrə bağlı şəxsi münasibətini ifadə edir.,10-2.3.3,"Mətnin müxtəlif hissələri arasında əlaqələrin onun ümumi strukturuna, mətndə ifadə olunan fikrə təsirinin rolunu izah edir.",2026-03-17 19:59:43.623487,5,şərh etmə,təhlil etmək,Az_dili_X_2.3.3
399,10,Oxu,2.3,Tənqidi təfəkkür və yaradıcı yanaşma: Mətndəki fakt və hadisələrə bağlı şəxsi münasibətini ifadə edir.,10-2.3.4,Mətni dil-üslub xüsusiyyətlərinə görə təhlil edir.,2026-03-17 19:59:43.623487,5,şərh etmə,təhlil etmək,Az_dili_X_2.3.4
400,10,Oxu,2.3,Tənqidi təfəkkür və yaradıcı yanaşma: Mətndəki fakt və hadisələrə bağlı şəxsi münasibətini ifadə edir.,10-2.3.5,Oxuduğu mətndəki məlumatları digər mənbələrlə müqayisə edir.,2026-03-17 19:59:43.623487,5,qiymətləndirmə,qiymətləndirmək,Az_dili_X_2.3.5
401,10,Oxu,2.3,Tənqidi təfəkkür və yaradıcı yanaşma: Mətndəki fakt və hadisələrə bağlı şəxsi münasibətini ifadə edir.,10-2.3.6,Mətnin məzmununa və müəllif yanaşmasına yaradıcı münasibət nümayiş etdirir.,2026-03-17 19:59:43.623487,5,qiymətləndirmə,yaratmaq,Az_dili_X_2.3.6
402,10,Yazı,3.1,Yazı normaları: Yazısında ədəbi dilin normalarına və mətnin struktur tələblərinə riayət edir.,10-3.1.1,Mətn yazarkən struktur elementlərinin funksiyalarını nəzərə alır.,2026-03-17 19:59:43.623487,4,şərh etmə,tətbiq etmək,Az_dili_X_3.1.1
403,10,Yazı,3.1,Yazı normaları: Yazısında ədəbi dilin normalarına və mətnin struktur tələblərinə riayət edir.,10-3.1.2,Yazısında ədəbi dilin normalarına riayət edir.,2026-03-17 19:59:43.623487,4,birbaşa anlama,tətbiq etmək,Az_dili_X_3.1.2
404,10,Yazı,3.2,Yazı məqsədləri və tipləri: Məqsədə uyğun olaraq müxtəlif tipli mətnlər yazır.,10-3.2.1,Məlumatları yazıda əks etdirərkən informativ və izahedici mətnlərin xüsusiyyətlərini nəzərə alır.,2026-03-17 19:59:43.623487,5,şərh etmə,tətbiq etmək,Az_dili_X_3.2.1
405,10,Yazı,3.2,Yazı məqsədləri və tipləri: Məqsədə uyğun olaraq müxtəlif tipli mətnlər yazır.,10-3.2.2,Mövzu ilə bağlı araşdırdığı mənbələrə tənqidi münasibət ifadə etməklə arqumentativ və izahedici mətnlər yazır.,2026-03-17 19:59:43.623487,5,qiymətləndirmə,yaratmaq,Az_dili_X_3.2.2
406,10,Yazı,3.2,Yazı məqsədləri və tipləri: Məqsədə uyğun olaraq müxtəlif tipli mətnlər yazır.,10-3.2.3,Sadə formalı işgüzar sənədlər tərtib edir.,2026-03-17 19:59:43.623487,4,birbaşa anlama,tətbiq etmək,Az_dili_X_3.2.3
407,10,Yazı,3.2,Yazı məqsədləri və tipləri: Məqsədə uyğun olaraq müxtəlif tipli mətnlər yazır.,10-3.2.4,Əldə etdiyi məlumatlara öz mövqeyini ifadə etməklə təqdimat materialı hazırlayır.,2026-03-17 19:59:43.623487,5,inteqrasiya,yaratmaq,Az_dili_X_3.2.4
408,11,Dil qaydaları,4.1,Orfoqrafiya və orfoepiya: Dilin fonetik qanunauyğunluqlarını izah edir və nitqində onlardan istifadə edir.,11-4.1.1,Nitqində fonetik qanunauyğunluqlardan çıxış edərək sözlərin deyilişi ilə tələffüzü arasındakı fərqin izah edilməsi.,2026-03-17 19:59:43.623487,5,şərh etmə,təhlil etmək,Az_dili_XI_4.1.1
409,11,Dil qaydaları,4.1,Orfoqrafiya və orfoepiya: Dilin fonetik qanunauyğunluqlarını izah edir və nitqində onlardan istifadə edir.,11-4.1.2,Alınma morfemlə işlənən bir sıra adların böyük hərflə yazılışı qaydalarına əməl edir.,2026-03-17 19:59:43.623487,5,birbaşa anlama,tətbiq etmək,Az_dili_XI_4.1.2
410,11,Dil qaydaları,4.1,Orfoqrafiya və orfoepiya: Dilin fonetik qanunauyğunluqlarını izah edir və nitqində onlardan istifadə edir.,11-4.1.3,Qrammatik omonimlik təşkil edən söz morfemlərin bitişik və ayrı yazılışı qaydalarına əməl edir.,2026-03-17 19:59:43.623487,5,şərh etmə,tətbiq etmək,Az_dili_XI_4.1.3
411,11,Dil qaydaları,4.2,Qrammatika: Dildə sintaktik fiqurları və iltisaqilik hadisəsini izah edir.,11-4.2.1,Dildə iltisaqilik hadisəsini izah edir.,2026-03-17 19:59:43.623487,6,şərh etmə,təhlil etmək,Az_dili_XI_4.2.1
412,11,Dil qaydaları,4.2,Qrammatika: Dildə sintaktik fiqurları və iltisaqilik hadisəsini izah edir.,11-4.2.2,Nitqin ekspressivliyinə xidmət edən sintaktik fiqurları müəyyən edir.,2026-03-17 19:59:43.623487,6,şərh etmə,təhlil etmək,Az_dili_XI_4.2.2
413,11,Dil qaydaları,4.2,Qrammatika: Dildə sintaktik fiqurları və iltisaqilik hadisəsini izah edir.,11-4.2.3,Fikrin dəqiq və anlaşıqlı ifadə olunması üçün uyğun sintaktik konstruksiyadan istifadə edir.,2026-03-17 19:59:43.623487,5,birbaşa anlama,yaratmaq,Az_dili_XI_4.2.3
414,11,Dil qaydaları,4.3,Punktuasiya: Yazıda punktuasiya qaydalarına əməl edir.,11-4.3.1,"Qoşa nöqtə, nöqtəli vergül və tire işarələrinin işlənmə məqamlarını fərqləndirir.",2026-03-17 19:59:43.623487,5,şərh etmə,təhlil etmək,Az_dili_XI_4.3.1
415,11,Dil qaydaları,4.3,Punktuasiya: Yazıda punktuasiya qaydalarına əməl edir.,11-4.3.2,Yanışı gələn sual və nida işarələrinin ardıcıllığına riayət edir.,2026-03-17 19:59:43.623487,5,birbaşa anlama,tətbiq etmək,Az_dili_XI_4.3.2
416,11,Dil qaydaları,4.4,Leksika: Sözlərin mənalarını anladığını nümayiş etdirir.,11-4.4.1,Söz tərkibindəki morfemlərin semantik mənasından çıxış edərək sözün mənasını müəyyənləşdirir və müxtəlif mənbələr vasitəsilə dəqiqləşdirir.,2026-03-17 19:59:43.623487,5,şərh etmə,təhlil etmək,Az_dili_XI_4.4.1
417,11,Dil qaydaları,4.4,Leksika: Sözlərin mənalarını anladığını nümayiş etdirir.,11-4.4.2,Leksik kateqoriyaları fərqləndirir.,2026-03-17 19:59:43.623487,6,şərh etmə,təhlil etmək,Az_dili_XI_4.4.2
418,11,Dil qaydaları,4.4,Leksika: Sözlərin mənalarını anladığını nümayiş etdirir.,11-4.4.3,Söz və ifadələrin üslubi xüsusiyyətlərini izah edir.,2026-03-17 19:59:43.623487,6,şərh etmə,təhlil etmək,Az_dili_XI_4.4.3
421,11,Dinləmə və danışma,1.2,Dialoji nitq: Müzakirə və debatlarda iştirak edir.,11-1.2.1,Polemikalarda problemə baxış bucaqlarından birini seçir və onu əsaslandırmaq üçün arqument və əks-arqumentlərdən istifadə edir.,2026-03-17 19:59:43.623487,6,qiymətləndirmə,qiymətləndirmək,Az_dili_XI_1.2.1
422,11,Dinləmə və danışma,1.3,Rabitəli nitq: Hər hansı mövzuda danışarkən rabitəli nitq nümayiş etdirir.,11-1.3.1,Şəxsi düşüncələrini əlavə etməklə və münasibətini əsaslandırmaqla dinlədiyi mətni genişləndirir.,2026-03-17 19:59:43.623487,5,inteqrasiya,yaratmaq,Az_dili_XI_1.3.1
423,11,Dinləmə və danışma,1.3,Rabitəli nitq: Hər hansı mövzuda danışarkən rabitəli nitq nümayiş etdirir.,11-1.3.2,Təqdimat zamanı fikirləri əsaslandırmaq üçün arqumentin müxtəlif növlərindən istifadə edir.,2026-03-17 19:59:43.623487,6,inteqrasiya,qiymətləndirmək,Az_dili_XI_1.3.2
424,11,Dinləmə və danışma,1.4,Ədəbi dilin normaları və ekspressiv nitq: Danışarkən ədəbi dilin normalarına əməl edir və ekspressiv nitq nümayiş etdirir.,11-1.4.1,"Şifahi nitqində fonetik, leksik normalara əməl edir.",2026-03-17 19:59:43.623487,5,birbaşa anlama,tətbiq etmək,Az_dili_XI_1.4.1
425,11,Dinləmə və danışma,1.4,Ədəbi dilin normaları və ekspressiv nitq: Danışarkən ədəbi dilin normalarına əməl edir və ekspressiv nitq nümayiş etdirir.,11-1.4.2,Monoloq çıxışları zamanı natiqlik bacarıqlarını nümayiş etdirir.,2026-03-17 19:59:43.623487,5,birbaşa anlama,yaratmaq,Az_dili_XI_1.4.2
426,11,Oxu,2.1,Faktoloji qavrama: Mətndə açıq şəkildə ifadə olunmuş informasiyanı mənimsədiyini nümayiş etdirir.,11-2.1.1,Mətndə əsas fikrin açılmasına xidmət edən fakt və detalları qeyd edir.,2026-03-17 19:59:43.623487,5,məlumat alma,təhlil etmək,Az_dili_XI_2.1.1
427,11,Oxu,2.1,Faktoloji qavrama: Mətndə açıq şəkildə ifadə olunmuş informasiyanı mənimsədiyini nümayiş etdirir.,11-2.1.2,Kontekstdən çıxış edərək mətndəki ümumişlək olmayan söz və ifadələrin mənasını izah edir və lüğətdəki mənası ilə müqayisə edir.,2026-03-17 19:59:43.623487,5,şərh etmə,təhlil etmək,Az_dili_XI_2.1.2
428,11,Oxu,2.2,Şərhetmə və əlaqələndirmə: Mətndə açıq şəkildə ifadə olunmayan informasiya haqqında fikir yürüdür.,11-2.2.1,Mətndəki əsas fikrlə onun açılmasına xidmət edən köməkçi fikirləri əlaqələndirir.,2026-03-17 19:59:43.623487,5,şərh etmə,təhlil etmək,Az_dili_XI_2.2.1
429,11,Oxu,2.2,Şərhetmə və əlaqələndirmə: Mətndə açıq şəkildə ifadə olunmayan informasiya haqqında fikir yürüdür.,11-2.2.2,Mətndə əks olunan məlumatları məlum olan faktlarla əlaqələndirərək mühakimənin yürüdülməsi və əsaslandırılması.,2026-03-17 19:59:43.623487,6,şərh etmə,qiymətləndirmək,Az_dili_XI_2.2.2
430,11,Oxu,2.3,Tənqidi təfəkkür və yaradıcı yanaşma: Mətndəki fakt və hadisələrə bağlı şəxsi münasibətini ifadə edir.,11-2.3.1,Mətndəki aparıcı və köməkçi motivləri obrazlarla və əsas ideya ilə əlaqələndirir.,2026-03-17 19:59:43.623487,5,şərh etmə,təhlil etmək,Az_dili_XI_2.3.1
431,11,Oxu,2.3,Tənqidi təfəkkür və yaradıcı yanaşma: Mətndəki fakt və hadisələrə bağlı şəxsi münasibətini ifadə edir.,11-2.3.2,Mətndəki məlumatlara əsasən irəli sürülən mühakimələrin əsaslandırılması.,2026-03-17 19:59:43.623487,6,qiymətləndirmə,qiymətləndirmək,Az_dili_XI_2.3.2
432,11,Oxu,2.3,Tənqidi təfəkkür və yaradıcı yanaşma: Mətndəki fakt və hadisələrə bağlı şəxsi münasibətini ifadə edir.,11-2.3.3,Müxtəlif tipli bədii və qeyri-bədii mətnlərdə struktur elementlərinin funksiyasını izah edir.,2026-03-17 19:59:43.623487,5,şərh etmə,təhlil etmək,Az_dili_XI_2.3.3
433,11,Oxu,2.3,Tənqidi təfəkkür və yaradıcı yanaşma: Mətndəki fakt və hadisələrə bağlı şəxsi münasibətini ifadə edir.,11-2.3.4,Mətni dil-üslub xüsusiyyətlərinə görə təhlil edir.,2026-03-17 19:59:43.623487,6,şərh etmə,təhlil etmək,Az_dili_XI_2.3.4
434,11,Oxu,2.3,Tənqidi təfəkkür və yaradıcı yanaşma: Mətndəki fakt və hadisələrə bağlı şəxsi münasibətini ifadə edir.,11-2.3.5,Bədii və informativ mətnlərdə müəllifin məqsədini fərqləndirir.,2026-03-17 19:59:43.623487,6,qiymətləndirmə,təhlil etmək,Az_dili_XI_2.3.5
435,11,Oxu,2.3,Tənqidi təfəkkür və yaradıcı yanaşma: Mətndəki fakt və hadisələrə bağlı şəxsi münasibətini ifadə edir.,11-2.3.6,"Oxuduğu mətnləri üslubi xüsusiyyətlərinə görə müqayisə edir, qiymətləndirir.",2026-03-17 19:59:43.623487,6,qiymətləndirmə,qiymətləndirmək,Az_dili_XI_2.3.6
436,11,Oxu,2.3,Tənqidi təfəkkür və yaradıcı yanaşma: Mətndəki fakt və hadisələrə bağlı şəxsi münasibətini ifadə edir.,11-2.3.7,Müxtəlif mənbələrə əsaslanmaqla mətnin məzmununa münasibət bildirir və təxəyyülünə əsasən məzmuna yaradıcı yanaşır.,2026-03-17 19:59:43.623487,6,qiymətləndirmə,yaratmaq,Az_dili_XI_2.3.7
437,11,Yazı,3.1,Yazı normaları: Yazısında ədəbi dilin normalarına və mətnin struktur tələblərinə riayət edir.,11-3.1.1,Özünün və başqasının mətnini yenidən yazımla məzmun-struktur baxımından təkmilləşdirir.,2026-03-17 19:59:43.623487,5,qiymətləndirmə,qiymətləndirmək,Az_dili_XI_3.1.1
438,11,Yazı,3.1,Yazı normaları: Yazısında ədəbi dilin normalarına və mətnin struktur tələblərinə riayət edir.,11-3.1.2,Yazısında ədəbi dilin normalarına riayət edir.,2026-03-17 19:59:43.623487,5,birbaşa anlama,tətbiq etmək,Az_dili_XI_3.1.2
439,11,Yazı,3.2,Yazı məqsədləri və tipləri: Məqsədə uyğun olaraq müxtəlif tipli mətnlər yazır.,11-3.2.1,Məlumatları yazıda əks etdirərkən vaxt və həcm tələblərinə nəzərə alır.,2026-03-17 19:59:43.623487,5,birbaşa anlama,tətbiq etmək,Az_dili_XI_3.2.1
440,11,Yazı,3.2,Yazı məqsədləri və tipləri: Məqsədə uyğun olaraq müxtəlif tipli mətnlər yazır.,11-3.2.2,Araşdırdığı mənbələrdən və müxtəlif fənlər üzrə biliklərindən istifadə etməklə polemik xarakterli mətnlər yazır.,2026-03-17 19:59:43.623487,6,qiymətləndirmə,yaratmaq,Az_dili_XI_3.2.2
441,11,Yazı,3.2,Yazı məqsədləri və tipləri: Məqsədə uyğun olaraq müxtəlif tipli mətnlər yazır.,11-3.2.3,Sadə formalı işgüzar sənədlər tərtib edir.,2026-03-17 19:59:43.623487,4,birbaşa anlama,tətbiq etmək,Az_dili_XI_3.2.3
442,11,Yazı,3.2,Yazı məqsədləri və tipləri: Məqsədə uyğun olaraq müxtəlif tipli mətnlər yazır.,11-3.2.4,Təqdimat materiallarında əldə etdiyi məlumatlara münasibətini və öz mövqeyini faktlarla və vizual materiallarla müşayiət edir.,2026-03-17 19:59:43.623487,6,inteqrasiya,yaratmaq,Az_dili_XI_3.2.4
